customer_id,age,gender,education,income,purchase_amount,purchase_date,product_category,rating,discount_percent,shipping_cost
1,56,Other,Master,75114,1768.35,2025-06-03 19:44:09.778336,Clothing,2.5,11.64,39.51
2,69,Male,High School,147810,4208.82,2025-07-19 19:44:09.778348,Books,2.4,7.84,10.89
3,46,Female,Bachelor,58067,2361.72,2025-06-07 19:44:09.778353,Food,2.4,34.17,33.85
4,32,Other,High School,62685,4895.73,2025-10-06 19:44:09.778357,Clothing,3.1,29.68,40.16
5,60,Male,Master,142262,3174.37,2025-12-19 19:44:09.778360,Home,2.8,37.74,28.09
6,25,Female,Master,38073,640.06,2025-02-20 19:44:09.778364,Electronics,4.5,15.47,37.04
7,78,Other,Master,56035,3384.13,2025-04-14 19:44:09.778367,Food,3.0,22.4,33.09
8,38,Other,Bachelor,84977,1632.27,2025-11-22 19:44:09.778370,Clothing,3.0,20.27,17.78
9,56,Male,Bachelor,122710,3434.77,2025-03-31 19:44:09.778373,Clothing,1.6,49.2,40.44
10,75,Male,PhD,110373,357.51,2025-07-26 19:44:09.778376,Clothing,4.9,14.61,14.74
11,36,Male,Master,408574,9257.615023209384,2025-10-12 19:44:09.778379,Home,2.0,14.74,28.56
12,40,Female,High School,110517,4280.13,2025-04-13 19:44:09.778382,Home,1.3,17.73,37.27
13,28,Male,Bachelor,85450,1143.63,2026-02-15 19:44:09.778385,Home,3.7,28.23,18.95
14,28,Other,Master,30382,4186.84,2025-06-21 19:44:09.778388,Books,3.4,12.62,15.14
15,41,Other,Master,24437,1403.59,2025-10-20 19:44:09.778391,Clothing,2.7,45.76,22.97
16,70,Male,Bachelor,90971,3217.98,2025-11-08 19:44:09.778394,Food,2.7,13.28,40.9
17,53,Male,PhD,84612,3473.81,2026-01-11 19:44:09.778396,Home,4.1,44.79,46.5
18,57,Other,Bachelor,110355,2568.15,2025-03-14 19:44:09.778399,Home,1.8,5.17,27.25
19,41,Female,Bachelor,81929,1533.5,2025-10-08 19:44:09.778402,Clothing,4.3,32.83,33.07
20,20,Male,High School,122411,1071.1,2025-07-31 19:44:09.778405,Home,3.6,45.35,45.16
21,39,Male,High School,117518,175.61,2025-03-07 19:44:09.778408,Books,2.7,8.44,4.93
22,70,Other,PhD,118864,1526.69,2026-01-28 19:44:09.778411,Books,2.8,48.42,11.6
23,19,Male,Master,231589,9447.859774316259,2025-06-21 19:44:09.778414,Home,2.0,22.64,35.45
24,41,Female,Bachelor,145605,4692.14,2025-11-01 19:44:09.778417,Clothing,4.0,47.29,41.19
25,61,Other,PhD,45169,4357.31,2025-04-21 19:44:09.778420,Clothing,3.1,33.84,42.85
26,47,Male,High School,107468,3832.66,2025-11-26 19:44:09.778423,Clothing,2.3,15.08,20.76
27,55,Other,Bachelor,54594,3944.35,2025-11-27 19:44:09.778425,Electronics,3.4,9.42,4.47
28,19,Male,Master,96957,3328.27,2025-05-03 19:44:09.778428,Home,5.0,15.19,21.89
29,77,Male,High School,80631,1308.83,2025-12-11 19:44:09.778431,Clothing,2.7,4.65,11.54
30,38,Male,High School,212026,10897.482406368123,2025-10-12 19:44:09.778434,Books,4.7,7.19,14.56
31,50,Female,High School,83133,3356.95,2025-08-06 19:44:09.778437,Food,2.4,5.23,38.61
32,29,Female,PhD,93165,2806.6,2025-10-01 19:44:09.778440,Food,1.2,21.15,3.78
33,75,Other,Master,93861,563.84,2025-05-11 19:44:09.778443,Clothing,1.8,39.78,41.38
34,39,Male,Bachelor,72290,2240.81,2025-04-12 19:44:09.778446,Food,2.7,7.07,21.38
35,78,Male,PhD,114031,2307.19,2025-06-29 19:44:09.778449,Food,1.9,6.52,29.8
36,61,Female,PhD,51750,4324.17,2026-01-26 19:44:09.778451,Electronics,1.0,32.17,4.48
37,42,Male,PhD,115155,2737.77,2025-09-18 19:44:09.778454,Books,4.7,9.86,16.87
38,66,Female,High School,60461,1908.2,2025-05-17 19:44:09.778457,Books,4.4,4.88,4.49
39,44,Male,Master,93800,4884.23,2025-12-19 19:44:09.778460,Electronics,4.0,8.34,48.08
40,76,Other,PhD,98222,562.5,2025-04-05 19:44:09.778463,Electronics,1.7,46.19,40.36
41,59,Male,Bachelor,132020,2118.52,2025-12-28 19:44:09.778466,Food,1.5,41.07,22.98
42,45,Male,Master,44226,219.7,2025-03-11 19:44:09.778469,Home,1.3,17.7,11.18
43,77,Female,Bachelor,26721,3702.12,2025-09-18 19:44:09.778471,Food,3.9,32.79,46.67
44,33,Male,Master,76154,4591.2,2025-06-26 19:44:09.778474,Electronics,4.7,26.86,17.23
45,32,Male,Bachelor,40609,1407.39,2025-04-13 19:44:09.778477,Books,2.7,33.86,8.05
46,79,Female,High School,447174,11090.831022158813,2025-04-22 19:44:09.778480,Food,1.5,34.13,28.16
47,79,Other,PhD,92909,1468.17,2026-01-17 19:44:09.778483,Home,3.0,31.44,47.19
48,64,Other,Bachelor,124211,4554.74,2025-12-25 19:44:09.778486,Food,2.4,13.31,0.19
49,79,Female,Master,75249,3772.27,2025-03-03 19:44:09.778489,Clothing,2.5,1.95,11.91
50,68,Female,PhD,68895,4026.48,2026-01-13 19:44:09.778492,Food,3.5,22.78,46.92
51,61,Female,PhD,114473,99.85,2025-10-31 19:44:09.778495,Electronics,3.9,44.55,8.55
52,72,Female,Master,25656,4814.42,2025-08-25 19:44:09.778497,Books,1.4,28.47,5.66
53,69,Female,Bachelor,144865,3636.09,2025-02-21 19:44:09.778500,Books,1.1,41.62,28.51
54,74,Other,High School,94520,1530.71,2025-04-10 19:44:09.778503,Electronics,5.0,49.58,43.09
55,20,Other,High School,83740,4148.68,2025-04-29 19:44:09.778506,Clothing,1.9,8.18,23.86
56,54,Female,Bachelor,84309,1414.79,2025-03-19 19:44:09.778509,Electronics,1.2,34.59,49.73
57,68,Male,PhD,49984,4365.04,2025-11-13 19:44:09.778512,Food,1.8,33.71,33.96
58,24,Female,PhD,138947,571.78,2025-07-20 19:44:09.778515,Electronics,1.2,49.0,3.7
59,38,Male,PhD,93822,3521.39,2025-04-07 19:44:09.778518,Electronics,2.6,49.28,49.64
60,26,Female,PhD,25901,2708.09,2025-10-04 19:44:09.778521,Clothing,4.2,34.33,20.39
61,56,Female,Bachelor,51552,491.71,2026-02-12 19:44:09.778523,Food,2.4,12.18,14.37
62,35,Other,PhD,111245,1217.05,2025-11-01 19:44:09.778526,Home,2.8,39.93,27.89
63,21,Male,Master,51055,71.9,2026-01-14 19:44:09.778529,Home,3.7,5.35,15.22
64,42,Male,PhD,57685,2349.15,2026-01-10 19:44:09.778532,Books,3.0,39.03,4.32
65,77,Other,High School,426094,14697.702694136144,2025-09-21 19:44:09.778535,Electronics,4.4,45.51,0.07
66,31,Other,PhD,34716,2995.8,2025-10-23 19:44:09.778538,Books,4.5,19.14,22.48
67,67,Other,Bachelor,134099,1493.22,2025-06-02 19:44:09.778541,Clothing,1.0,31.53,41.84
68,75,Other,High School,31138,1506.6,2025-11-23 19:44:09.778544,Home,4.1,21.51,28.62
69,26,Male,Bachelor,55298,3718.53,2025-12-04 19:44:09.778547,Electronics,2.8,21.89,49.96
70,43,Male,Bachelor,71112,250.23,2025-04-11 19:44:09.778550,Clothing,5.0,15.52,14.34
71,70,Female,High School,43429,4515.45,2025-07-19 19:44:09.778553,Clothing,2.9,38.11,14.02
72,19,Female,Bachelor,70200,4262.8,2025-05-09 19:44:09.778555,Electronics,4.9,46.81,7.99
73,37,Other,Bachelor,91308,3342.35,2025-06-24 19:44:09.778558,Clothing,4.0,47.04,8.2
74,45,Other,PhD,68244,2970.18,2025-09-06 19:44:09.778561,Electronics,2.0,8.74,14.26
75,64,Other,Master,137217,4462.59,2025-11-23 19:44:09.778564,Electronics,3.2,43.74,39.64
76,77,Female,Bachelor,134055,934.8,2025-09-30 19:44:09.778567,Food,5.0,36.87,45.29
77,24,Female,Bachelor,121268,404.06,2025-09-11 19:44:09.778570,Books,4.4,12.64,48.75
78,61,Female,Bachelor,125441,1205.16,2026-01-03 19:44:09.778573,Clothing,1.4,3.36,11.61
79,78,Female,PhD,37347,3974.95,2025-10-29 19:44:09.778576,Clothing,3.8,13.4,44.06
80,25,Female,Master,36920,183.0,2026-01-04 19:44:09.778579,Food,2.4,45.61,16.41
81,64,Female,High School,51822,2918.21,2025-06-16 19:44:09.778582,Food,1.0,31.66,5.64
82,52,Female,PhD,66659,4977.23,2025-11-06 19:44:09.778585,Food,2.6,36.05,43.5
83,31,Other,PhD,60108,4279.92,2025-11-25 19:44:09.778590,Home,1.9,12.86,31.81
84,34,Other,Master,148955,2612.01,2025-10-07 19:44:09.778593,Home,4.3,35.97,8.24
85,53,Other,Master,109099,327.57,2025-11-02 19:44:09.778596,Home,2.3,1.41,21.49
86,67,Other,PhD,27967,4158.55,2026-01-31 19:44:09.778599,Electronics,4.3,18.77,14.36
87,57,Female,High School,130719,2998.9,2025-11-16 19:44:09.778602,Clothing,1.0,31.34,36.84
88,21,Male,PhD,31871,583.52,2025-09-21 19:44:09.778605,Books,2.2,7.3,22.67
89,19,Female,Master,114299,478.35,2025-06-17 19:44:09.778608,Electronics,2.0,41.15,49.46
90,79,Male,High School,97452,4549.04,2025-05-05 19:44:09.778610,Clothing,1.9,11.75,2.74
91,23,Other,Master,94270,3349.31,2025-07-24 19:44:09.778613,Clothing,1.3,32.61,17.75
92,71,Female,High School,53613,4148.14,2025-10-15 19:44:09.778616,Food,1.7,20.26,24.1
93,59,Other,Bachelor,48179,4396.1,2025-06-28 19:44:09.778619,Food,3.2,29.8,25.16
94,21,Female,Master,140465,2863.14,2025-10-19 19:44:09.778622,Electronics,2.2,5.37,15.8
95,71,Other,Master,72188,2592.06,2025-10-03 19:44:09.778625,Food,2.7,0.85,36.46
96,46,Male,PhD,75099,2157.83,2025-10-26 19:44:09.778628,Clothing,2.5,45.48,43.74
97,35,Male,Master,55262,1591.56,2025-09-09 19:44:09.778631,Food,4.5,13.48,46.94
98,43,Male,Master,446834,12934.377929119353,2025-08-01 19:44:09.778634,Home,4.6,40.98,40.25
99,61,Female,Bachelor,137407,3871.66,2025-06-29 19:44:09.778636,Food,3.0,49.97,42.53
100,51,Male,Master,38268,3013.6,2026-01-21 19:44:09.778639,Clothing,2.3,10.57,27.53
101,27,Female,Bachelor,97866,4463.69,2026-02-07 19:44:09.778642,Electronics,1.4,13.26,41.29
102,79,Male,Bachelor,470706,12484.971573090552,2025-07-27 19:44:09.778645,Books,4.8,33.14,15.18
103,53,Male,Bachelor,80545,3039.38,2025-09-04 19:44:09.778648,Food,1.2,48.27,19.92
104,31,Female,Bachelor,123483,3160.22,2025-06-16 19:44:09.778651,Clothing,2.2,45.79,15.85
105,48,Female,High School,112822,2962.57,2026-01-02 19:44:09.778653,Books,2.2,25.14,23.37
106,65,Male,PhD,92146,3516.14,2025-06-17 19:44:09.778656,Books,2.3,39.76,14.28
107,32,Female,High School,91966,1194.79,2025-10-14 19:44:09.778659,Home,1.7,6.79,48.08
108,25,Male,Master,59922,2566.7,2025-09-24 19:44:09.778662,Books,4.1,48.87,15.64
109,31,Female,High School,99364,530.08,2025-10-23 19:44:09.778665,Clothing,1.5,48.22,4.9
110,40,Other,High School,62913,1928.71,2025-09-19 19:44:09.778668,Clothing,3.5,8.19,26.34
111,77,Other,Master,383208,9768.641015198977,2025-12-08 19:44:09.778671,Food,1.5,14.97,2.85
112,74,Other,Master,124792,3264.6,2025-02-20 19:44:09.778674,Food,1.3,5.01,5.53
113,79,Other,Master,139425,4753.15,2025-10-04 19:44:09.778677,Food,4.6,13.59,10.97
114,57,Other,High School,75677,3007.25,2025-08-27 19:44:09.778680,Books,1.8,40.8,23.22
115,38,Male,High School,122154,3720.53,2025-05-05 19:44:09.778682,Books,4.3,18.92,21.66
116,33,Other,Master,69841,2536.27,2026-01-30 19:44:09.778685,Home,3.2,4.42,39.98
117,62,Other,PhD,66332,3174.18,2025-08-07 19:44:09.778688,Food,1.3,17.11,36.97
118,35,Other,PhD,112062,363.95,2025-03-25 19:44:09.778691,Electronics,4.8,49.07,21.32
119,64,Other,Bachelor,139863,1279.41,2025-08-27 19:44:09.778694,Home,2.0,31.48,16.69
120,70,Female,Master,115694,1815.65,2025-03-01 19:44:09.778697,Electronics,4.4,20.81,15.82
121,41,Male,Bachelor,45032,2367.74,2025-09-30 19:44:09.778700,Books,1.7,8.33,38.7
122,43,Other,PhD,57846,237.79,2025-06-17 19:44:09.778703,Home,4.4,49.31,2.6
123,42,Other,Bachelor,79474,708.72,2025-11-17 19:44:09.778705,Home,1.1,41.04,0.64
124,77,Other,Master,64936,1391.3,2025-06-24 19:44:09.778708,Clothing,3.0,14.07,39.78
125,77,Male,Master,49794,4857.95,2025-07-28 19:44:09.778711,Books,4.1,3.5,23.86
126,77,Female,Master,81588,1663.42,2026-01-01 19:44:09.778714,Books,4.7,2.83,6.54
127,62,Male,High School,90984,2415.38,2025-06-18 19:44:09.778717,Home,4.6,6.02,11.78
128,58,Female,Bachelor,70331,988.53,2025-04-04 19:44:09.778720,Books,4.3,29.04,46.63
129,46,Other,PhD,114397,3057.79,2025-04-07 19:44:09.778722,Home,4.6,46.44,42.98
130,32,Other,PhD,48141,1410.61,2025-04-29 19:44:09.778726,Clothing,1.8,24.84,35.49
131,62,Male,PhD,29074,1042.89,2025-10-13 19:44:09.778728,Home,2.1,42.15,24.11
132,18,Male,High School,26406,2587.7,2025-03-11 19:44:09.778731,Books,2.2,22.29,26.02
133,42,Female,High School,117359,37.47,2025-05-12 19:44:09.778734,Books,2.5,35.43,48.76
134,24,Female,Master,143279,48.24,2026-02-01 19:44:09.778737,Home,2.6,36.59,48.29
135,26,Male,PhD,43291,1103.15,2025-12-09 19:44:09.778740,Home,3.2,8.7,10.76
136,41,Female,High School,61568,193.24,2025-05-25 19:44:09.778743,Home,1.6,18.06,40.56
137,18,Male,Master,117539,549.05,2025-03-30 19:44:09.778745,Food,3.8,31.87,9.86
138,61,Female,PhD,66851,1700.91,2025-05-12 19:44:09.778748,Books,1.7,3.53,10.68
139,25,Male,Bachelor,119942,4014.9,2025-04-19 19:44:09.778751,Books,2.2,18.08,33.8
140,41,Male,Master,74823,2864.52,2026-02-11 19:44:09.778754,Food,3.0,26.74,20.25
141,28,Male,High School,43312,2568.21,2025-04-10 19:44:09.778757,Home,4.2,49.81,46.58
142,68,Female,High School,63108,1474.51,2025-04-19 19:44:09.778760,Clothing,4.0,23.73,4.45
143,34,Female,Master,86918,4659.45,2025-11-07 19:44:09.778762,Home,3.6,40.8,25.58
144,25,Female,Master,54171,1991.11,2025-04-15 19:44:09.778765,Home,1.6,21.6,45.93
145,52,Male,High School,61779,444.59,2025-08-09 19:44:09.778768,Food,3.2,39.82,45.21
146,52,Female,Bachelor,88828,3089.16,2025-06-22 19:44:09.778772,Books,1.3,29.77,7.83
147,50,Female,PhD,127315,578.05,2025-12-18 19:44:09.778774,Home,2.5,44.33,18.33
148,76,Male,Bachelor,118723,1732.66,2026-02-01 19:44:09.778777,Books,2.7,20.55,30.96
149,22,Other,Master,32411,2541.99,2025-08-31 19:44:09.778780,Electronics,1.2,30.22,7.97
150,59,Male,Bachelor,122821,4372.37,2026-01-24 19:44:09.778783,Books,2.1,31.5,48.4
151,56,Female,High School,137990,2472.8,2025-06-12 19:44:09.778786,Clothing,4.8,20.87,45.74
152,75,Male,Master,77009,3514.27,2025-06-10 19:44:09.778789,Clothing,4.8,7.22,8.35
153,58,Other,PhD,219199,14969.229412624542,2025-07-26 19:44:09.778792,Home,2.4,4.68,6.06
154,45,Male,High School,62468,666.13,2026-01-20 19:44:09.778794,Books,1.2,0.83,4.27
155,24,Female,High School,52371,1380.91,2025-10-24 19:44:09.778797,Home,1.7,43.68,45.47
156,26,Other,PhD,77022,1978.93,2025-05-12 19:44:09.778800,Food,2.6,11.82,9.68
157,25,Female,PhD,91229,2114.92,2025-09-27 19:44:09.778803,Clothing,4.8,10.58,20.81
158,29,Other,Bachelor,119071,2061.0,2026-01-24 19:44:09.778806,Home,1.6,36.8,22.44
159,51,Other,Master,71196,4538.98,2025-04-14 19:44:09.778809,Food,4.1,16.0,29.95
160,50,Male,PhD,100354,3573.02,2025-09-15 19:44:09.778812,Home,1.4,25.3,3.59
161,65,Male,PhD,116774,3043.45,2025-12-07 19:44:09.778822,Books,4.9,8.13,11.34
162,72,Female,Master,116410,1553.77,2025-10-21 19:44:09.778825,Books,2.5,47.99,46.57
163,40,Male,PhD,46715,4120.71,2025-04-12 19:44:09.778828,Books,4.1,42.58,45.42
164,79,Male,PhD,47605,4775.75,2025-04-03 19:44:09.778831,Books,2.4,43.19,39.06
165,41,Other,Bachelor,119853,4107.78,2025-11-17 19:44:09.778834,Electronics,3.5,20.34,0.97
166,54,Male,High School,51174,17.81,2025-11-24 19:44:09.778837,Food,1.8,38.12,16.35
167,52,Other,High School,29956,3185.64,2025-03-19 19:44:09.778840,Food,1.6,7.19,31.4
168,61,Other,High School,124444,265.17,2025-02-19 19:44:09.778847,Books,4.8,0.43,13.76
169,57,Other,High School,96373,1295.46,2025-10-23 19:44:09.778850,Electronics,4.7,1.0,45.48
170,39,Female,PhD,89252,307.03,2025-06-30 19:44:09.778853,Books,4.5,29.33,31.69
171,44,Female,Master,81949,3022.94,2025-08-03 19:44:09.778856,Electronics,3.5,22.77,3.6
172,52,Female,Master,82646,3436.08,2025-07-27 19:44:09.778859,Books,4.2,25.9,45.45
173,18,Other,Bachelor,90017,581.29,2025-03-16 19:44:09.778861,Clothing,1.3,0.37,47.89
174,52,Female,Bachelor,83037,1925.36,2025-09-24 19:44:09.778865,Clothing,2.3,21.13,3.89
175,54,Female,PhD,109818,2286.62,2025-05-23 19:44:09.778868,Home,2.3,35.9,26.62
176,64,Male,Master,26548,1851.57,2025-10-02 19:44:09.778871,Books,3.5,22.13,15.17
177,31,Female,Master,136981,613.91,2025-08-21 19:44:09.778873,Food,2.4,36.61,19.64
178,20,Female,High School,123141,2100.55,2026-01-19 19:44:09.778876,Home,1.6,11.65,8.98
179,18,Other,PhD,93294,3758.38,2025-12-23 19:44:09.778879,Clothing,3.4,40.66,28.9
180,22,Other,PhD,129204,364.33,2025-07-01 19:44:09.778882,Books,4.3,29.42,47.9
181,43,Other,High School,43177,410.1,2025-09-25 19:44:09.778885,Home,2.5,10.54,25.15
182,72,Other,PhD,44022,1780.31,2026-01-01 19:44:09.778888,Books,1.5,11.84,4.15
183,31,Other,PhD,126297,4709.21,2025-08-08 19:44:09.778891,Clothing,1.8,31.4,31.0
184,56,Other,Bachelor,140695,3346.18,2025-07-09 19:44:09.778893,Home,1.9,41.5,17.01
185,44,Female,Master,25542,3396.56,2025-10-05 19:44:09.778896,Clothing,2.2,20.78,42.8
186,26,Other,PhD,111012,1815.98,2026-01-27 19:44:09.778899,Electronics,3.6,12.92,21.73
187,32,Other,Bachelor,116320,2972.37,2026-02-12 19:44:09.778902,Clothing,3.4,43.35,9.64
188,32,Male,Master,80428,60.55,2025-07-29 19:44:09.778905,Books,3.8,33.46,9.56
189,43,Female,High School,42740,3184.12,2025-06-24 19:44:09.778908,Food,2.5,22.4,38.44
190,59,Female,Bachelor,79353,4567.3,2025-08-17 19:44:09.778911,Clothing,4.3,24.4,13.28
191,77,Female,Bachelor,110353,3066.74,2025-02-23 19:44:09.778913,Food,1.8,10.21,38.36
192,30,Other,Master,133132,4369.76,2025-05-02 19:44:09.778916,Electronics,2.9,31.34,10.29
193,68,Other,High School,76532,3622.63,2025-03-20 19:44:09.778919,Home,4.2,17.94,16.08
194,49,Other,Bachelor,36052,611.59,2025-07-13 19:44:09.778922,Home,1.7,49.78,23.27
195,56,Male,PhD,120689,4513.24,2025-10-25 19:44:09.778925,Food,1.4,24.01,47.16
196,66,Other,PhD,67076,341.55,2025-04-11 19:44:09.778928,Home,4.5,24.29,46.59
197,69,Male,PhD,73420,2674.5,2025-12-31 19:44:09.778931,Clothing,2.4,28.29,10.34
198,78,Female,High School,454451,12863.745109102045,2025-08-29 19:44:09.778934,Food,3.7,45.84,17.91
199,49,Other,Bachelor,20163,68.42,2025-11-28 19:44:09.778936,Books,1.1,40.04,7.47
200,21,Male,PhD,61424,2115.95,2025-04-02 19:44:09.778939,Clothing,3.8,22.56,25.5
201,47,Male,High School,129538,1482.25,2025-03-22 19:44:09.778942,Clothing,2.3,35.93,23.03
202,54,Other,PhD,73744,2435.14,2026-01-04 19:44:09.778945,Clothing,1.2,29.31,45.04
203,40,Female,Master,90331,2890.23,2025-03-20 19:44:09.778948,Books,3.4,24.62,46.5
204,56,Female,Bachelor,30634,228.26,2026-01-29 19:44:09.778951,Electronics,2.0,9.62,19.18
205,62,Female,Bachelor,24798,623.79,2025-07-12 19:44:09.778954,Home,2.5,23.2,24.59
206,32,Male,High School,314427,10064.51795062705,2025-10-18 19:44:09.778957,Food,1.3,12.29,44.81
207,60,Male,High School,137043,1722.41,2025-06-29 19:44:09.778960,Electronics,1.6,45.74,40.34
208,46,Male,Bachelor,140575,3648.58,2025-07-12 19:44:09.778963,Food,2.2,16.77,0.18
209,53,Male,PhD,147158,3264.94,2025-04-01 19:44:09.778966,Home,1.4,47.61,16.0
210,30,Female,PhD,49300,4229.57,2025-03-16 19:44:09.778969,Books,4.6,26.65,21.09
211,49,Other,Master,109881,3465.54,2026-02-15 19:44:09.778971,Clothing,1.0,31.58,11.49
212,24,Male,PhD,30749,2155.36,2025-08-20 19:44:09.778974,Clothing,2.9,27.15,9.98
213,76,Male,High School,124131,3368.1,2025-07-27 19:44:09.778977,Books,1.5,6.47,1.89
214,68,Female,High School,454043,8912.267626916297,2025-04-04 19:44:09.778980,Electronics,2.2,18.79,32.17
215,39,Other,PhD,148563,1538.5,2026-01-09 19:44:09.778983,Electronics,4.7,4.96,13.13
216,45,Other,High School,57487,3947.04,2025-12-21 19:44:09.778986,Food,1.6,31.15,2.62
217,19,Female,Bachelor,113947,2237.63,2025-12-18 19:44:09.778989,Books,4.9,22.34,11.55
218,59,Female,Bachelor,53361,3993.92,2025-10-09 19:44:09.778991,Electronics,1.8,38.9,40.1
219,62,Other,PhD,251574,8822.33129213545,2025-12-20 19:44:09.778994,Books,4.0,11.02,42.57
220,79,Male,Bachelor,92930,4289.24,2025-03-24 19:44:09.778997,Home,3.2,8.23,24.15
221,74,Other,Bachelor,34056,4584.01,2025-10-19 19:44:09.779000,Clothing,4.5,20.32,20.8
222,70,Female,Master,48380,2160.62,2025-11-03 19:44:09.779003,Clothing,3.2,46.33,48.89
223,23,Male,Master,46035,1601.15,2025-11-14 19:44:09.779006,Clothing,3.1,35.52,10.03
224,45,Male,Bachelor,50620,2915.17,2025-03-08 19:44:09.779009,Books,1.8,20.95,10.77
225,45,Female,PhD,39877,1862.15,2025-06-28 19:44:09.779012,Books,1.7,25.86,14.59
226,61,Female,Master,145481,3009.36,2025-12-18 19:44:09.779014,Food,4.7,4.21,8.64
227,61,Female,High School,75316,3530.87,2025-06-07 19:44:09.779017,Clothing,2.3,49.23,18.97
228,37,Other,High School,84041,3445.14,2025-12-31 19:44:09.779020,Food,2.5,33.32,45.54
229,47,Other,High School,128940,1879.02,2025-03-07 19:44:09.779023,Clothing,4.0,14.27,30.77
230,79,Male,PhD,137360,842.63,2025-09-12 19:44:09.779026,Food,2.4,29.29,20.6
231,28,Female,Bachelor,386381,12714.617507720814,2025-10-17 19:44:09.779029,Food,4.8,5.47,46.72
232,75,Male,High School,50911,721.54,2025-04-07 19:44:09.779032,Home,4.0,48.29,2.42
233,72,Male,PhD,52784,4451.58,2025-07-26 19:44:09.779034,Food,3.4,8.74,10.51
234,45,Male,Master,23191,1735.93,2026-01-01 19:44:09.779038,Books,4.5,32.4,28.29
235,42,Male,Bachelor,53160,780.75,2025-10-05 19:44:09.779040,Food,1.2,12.27,30.78
236,56,Female,Master,110536,136.98,2025-08-01 19:44:09.779043,Clothing,2.0,35.88,1.98
237,79,Male,PhD,124576,3232.65,2025-06-13 19:44:09.779046,Food,2.9,38.84,20.15
238,50,Female,High School,84641,3188.14,2025-04-10 19:44:09.779049,Electronics,1.9,33.67,32.46
239,18,Female,High School,69723,1709.61,2025-02-26 19:44:09.779052,Clothing,4.0,30.72,34.9
240,74,Other,PhD,23631,367.84,2025-04-06 19:44:09.779055,Electronics,4.7,44.62,31.91
241,44,Female,High School,26172,2054.05,2025-04-29 19:44:09.779058,Clothing,2.7,3.93,16.03
242,79,Other,Bachelor,62080,1562.98,2025-04-10 19:44:09.779061,Books,2.4,16.55,4.68
243,74,Female,PhD,109097,3388.83,2025-07-24 19:44:09.779063,Books,4.8,12.41,21.36
244,69,Female,Master,110353,3032.84,2025-02-28 19:44:09.779066,Books,2.8,49.4,6.44
245,30,Female,PhD,40281,1829.32,2025-07-22 19:44:09.779069,Electronics,3.0,19.47,47.38
246,58,Other,Bachelor,48671,1097.28,2025-08-10 19:44:09.779072,Home,2.4,36.63,23.76
247,20,Other,Bachelor,142811,4940.3,2026-01-05 19:44:09.779075,Clothing,4.6,34.24,15.86
248,56,Male,PhD,71431,2275.47,2026-01-20 19:44:09.779078,Books,3.3,10.6,38.32
249,23,Other,PhD,110900,3444.49,2025-12-21 19:44:09.779081,Clothing,4.0,11.95,24.9
250,25,Other,High School,142139,711.36,2025-12-09 19:44:09.779084,Electronics,4.2,14.06,15.5
251,44,Other,Bachelor,127210,2433.09,2025-11-18 19:44:09.779087,Home,2.4,20.56,40.6
252,26,Other,PhD,147734,147.41,2025-05-29 19:44:09.779090,Electronics,2.7,11.72,43.36
253,79,Male,PhD,112961,2532.22,2025-07-13 19:44:09.779094,Clothing,4.4,0.98,33.65
254,54,Other,Bachelor,135463,4820.45,2025-07-18 19:44:09.779097,Home,2.5,43.97,2.35
255,50,Female,PhD,48602,1927.19,2025-05-17 19:44:09.779100,Home,4.2,48.28,28.32
256,68,Female,High School,108789,204.59,2025-12-16 19:44:09.779103,Electronics,4.8,17.08,38.16
257,59,Other,Bachelor,71399,164.47,2025-03-09 19:44:09.779105,Books,3.5,16.93,6.83
258,61,Other,High School,43472,1946.05,2025-05-02 19:44:09.779108,Clothing,4.0,0.35,11.43
259,41,Female,High School,69230,808.52,2025-06-18 19:44:09.779112,Food,4.2,34.01,44.12
260,32,Female,High School,93616,126.53,2025-12-18 19:44:09.779115,Food,4.4,41.27,1.01
261,76,Male,High School,27099,3783.51,2025-03-23 19:44:09.779118,Electronics,2.6,7.33,37.64
262,71,Female,Bachelor,138614,2298.03,2025-09-01 19:44:09.779121,Clothing,1.2,7.98,23.69
263,49,Female,High School,45431,1453.33,2025-05-25 19:44:09.779124,Clothing,2.6,39.5,22.34
264,49,Other,High School,76492,4501.42,2025-05-27 19:44:09.779127,Electronics,3.7,30.81,0.35
265,41,Female,PhD,116722,589.53,2025-12-26 19:44:09.779130,Clothing,2.8,2.24,40.97
266,58,Male,Bachelor,67684,4780.03,2026-02-02 19:44:09.779133,Books,4.0,31.13,17.99
267,69,Female,Bachelor,50111,1576.69,2026-02-10 19:44:09.779136,Electronics,2.4,15.45,27.04
268,66,Other,Master,125387,4443.13,2025-11-06 19:44:09.779138,Books,3.5,18.44,33.87
269,79,Other,Bachelor,83936,3018.68,2025-12-21 19:44:09.779141,Clothing,1.7,38.49,35.13
270,66,Female,Bachelor,42614,4135.27,2025-04-11 19:44:09.779144,Electronics,4.0,40.55,47.8
271,75,Other,Master,112260,4920.23,2026-01-09 19:44:09.779147,Clothing,3.2,20.02,26.57
272,69,Male,Bachelor,61991,1449.14,2025-06-26 19:44:09.779150,Electronics,1.8,47.36,19.99
273,29,Male,Bachelor,90476,4806.07,2025-11-16 19:44:09.779153,Clothing,2.2,20.32,47.69
274,79,Female,Bachelor,137959,1953.51,2025-07-11 19:44:09.779156,Books,4.0,38.59,32.11
275,56,Female,Bachelor,80920,1933.7,2025-07-29 19:44:09.779159,Books,2.9,24.19,14.91
276,19,Female,Master,114294,1708.53,2025-10-03 19:44:09.779162,Clothing,1.9,44.88,6.32
277,20,Other,Bachelor,402959,12575.595334839343,2025-04-24 19:44:09.779165,Electronics,4.9,45.39,42.13
278,66,Male,Bachelor,56224,779.18,2025-07-26 19:44:09.779168,Food,3.9,4.37,18.11
279,54,Male,Master,27788,2773.02,2025-03-19 19:44:09.779171,Books,4.8,46.82,33.02
280,66,Other,PhD,48082,2713.11,2025-11-29 19:44:09.779173,Books,2.7,41.28,23.54
281,73,Male,High School,143287,3811.89,2025-07-15 19:44:09.779176,Food,2.9,39.57,9.95
282,34,Female,PhD,109570,4169.91,2026-02-16 19:44:09.779179,Clothing,4.6,10.05,30.08
283,76,Female,Master,121015,2207.8,2025-08-24 19:44:09.779182,Electronics,3.1,40.26,3.03
284,66,Female,High School,96816,1518.64,2025-03-09 19:44:09.779185,Clothing,3.8,42.51,20.67
285,19,Male,Master,103588,1304.08,2025-05-15 19:44:09.779188,Home,2.0,14.46,27.33
286,19,Female,Master,36531,981.17,2025-09-25 19:44:09.779191,Books,2.8,47.61,21.8
287,45,Other,Bachelor,108340,297.66,2025-04-06 19:44:09.779194,Home,1.5,2.49,37.43
288,71,Other,High School,114439,1718.82,2025-07-09 19:44:09.779197,Books,1.8,7.5,41.4
289,40,Male,Bachelor,432409,13499.666213611192,2025-12-18 19:44:09.779200,Books,1.0,26.88,38.56
290,54,Other,High School,30142,4832.42,2025-04-30 19:44:09.779203,Home,1.2,28.79,1.94
291,49,Other,Master,135053,2792.97,2025-06-24 19:44:09.779206,Home,4.9,32.26,9.71
292,50,Male,Master,68355,1742.91,2025-08-07 19:44:09.779208,Clothing,2.0,0.85,26.83
293,18,Female,PhD,29866,2906.53,2025-09-05 19:44:09.779211,Home,3.7,48.02,46.74
294,36,Female,High School,90067,704.59,2025-07-11 19:44:09.779214,Clothing,4.4,2.23,41.75
295,79,Female,Bachelor,130990,2225.78,2025-12-19 19:44:09.779217,Clothing,3.2,7.15,42.13
296,19,Male,PhD,123634,3134.91,2025-10-12 19:44:09.779220,Clothing,1.6,0.7,15.16
297,70,Other,PhD,123814,2449.6,2025-08-29 19:44:09.779223,Books,3.9,28.34,21.47
298,61,Female,PhD,145426,2014.88,2025-09-15 19:44:09.779226,Books,3.4,46.61,23.54
299,43,Female,Bachelor,84027,4969.3,2025-10-31 19:44:09.779229,Home,3.9,33.3,7.87
300,49,Male,PhD,77906,4402.77,2025-05-25 19:44:09.779232,Books,4.1,41.13,1.55
301,23,Female,Bachelor,48138,3120.8,2025-02-27 19:44:09.779235,Home,4.9,0.66,47.35
302,49,Male,PhD,112601,2851.19,2025-05-16 19:44:09.779238,Books,3.3,27.1,12.04
303,72,Other,Bachelor,49956,3107.1,2025-12-06 19:44:09.779240,Electronics,2.4,22.98,12.0
304,21,Male,Master,127268,1014.55,2025-07-26 19:44:09.779243,Electronics,3.6,24.95,4.17
305,72,Male,Master,124797,1981.74,2025-05-15 19:44:09.779246,Home,1.3,3.61,46.43
306,28,Male,Master,144917,206.9,2025-03-29 19:44:09.779249,Books,4.6,34.22,28.99
307,73,Male,Master,146303,2382.97,2025-03-15 19:44:09.779252,Books,1.5,25.16,33.35
308,76,Other,Master,96295,2719.69,2025-02-26 19:44:09.779255,Clothing,2.3,38.26,45.58
309,34,Other,PhD,25439,1146.47,2025-03-15 19:44:09.779258,Food,4.3,24.26,17.28
310,55,Female,PhD,67241,4820.5,2025-07-29 19:44:09.779262,Home,3.4,7.47,31.08
311,41,Other,PhD,62533,4548.18,2025-09-10 19:44:09.779265,Food,2.6,32.41,1.94
312,22,Other,Bachelor,48270,3613.49,2026-01-21 19:44:09.779268,Food,2.9,8.62,9.34
313,69,Female,Bachelor,98815,2671.6,2025-06-06 19:44:09.779271,Home,4.4,43.62,41.56
314,51,Other,Bachelor,59279,4351.15,2025-09-06 19:44:09.779274,Books,2.4,30.66,38.34
315,23,Male,Bachelor,129787,661.96,2025-12-17 19:44:09.779277,Home,4.5,7.86,17.53
316,39,Male,Master,43888,3954.64,2026-01-27 19:44:09.779280,Food,1.4,48.12,18.84
317,28,Female,Master,37630,632.86,2025-12-10 19:44:09.779282,Books,4.1,25.92,26.68
318,65,Female,Master,81063,3973.11,2025-11-14 19:44:09.779285,Electronics,4.4,3.64,0.01
319,33,Female,High School,138527,1386.08,2025-09-08 19:44:09.779288,Home,1.7,31.34,12.06
320,50,Male,PhD,143239,4386.68,2025-12-01 19:44:09.779291,Home,2.7,12.66,10.41
321,26,Other,Bachelor,147896,4720.77,2026-02-13 19:44:09.779294,Books,1.7,40.18,12.52
322,77,Male,Bachelor,55144,752.49,2025-04-08 19:44:09.779297,Electronics,3.8,40.89,40.3
323,76,Female,Master,72161,2318.75,2025-10-21 19:44:09.779300,Electronics,3.1,48.95,13.98
324,23,Other,Bachelor,116718,4905.13,2025-04-22 19:44:09.779302,Books,3.5,25.09,9.58
325,33,Other,Bachelor,145873,2422.2,2025-08-24 19:44:09.779305,Clothing,1.8,22.75,25.21
326,46,Male,PhD,111074,4319.1,2025-08-26 19:44:09.779308,Home,1.8,37.67,43.28
327,20,Female,Master,97360,2947.77,2025-07-16 19:44:09.779311,Home,1.2,6.62,12.07
328,37,Male,PhD,70979,1882.9,2025-12-24 19:44:09.779314,Food,2.3,27.35,3.93
329,77,Other,High School,117661,1436.06,2025-08-15 19:44:09.779317,Books,3.2,27.31,17.82
330,76,Male,High School,26979,1024.08,2025-07-01 19:44:09.779320,Food,4.4,4.47,37.38
331,53,Male,High School,46189,3811.37,2025-06-08 19:44:09.779322,Food,3.7,20.9,27.53
332,36,Female,Master,62600,1938.84,2025-11-06 19:44:09.779325,Electronics,2.7,42.66,40.84
333,43,Female,Bachelor,79560,2561.26,2025-12-03 19:44:09.779328,Home,4.8,42.81,47.98
334,20,Other,Master,98040,2466.7,2025-07-03 19:44:09.779331,Food,3.9,4.96,39.63
335,36,Male,Master,143257,2890.62,2025-06-05 19:44:09.779334,Electronics,4.7,4.54,30.19
336,37,Male,Bachelor,81558,4329.23,2025-05-30 19:44:09.779337,Books,3.1,13.13,24.67
337,49,Male,PhD,106205,4903.89,2025-03-24 19:44:09.779340,Food,2.0,43.74,2.0
338,24,Other,High School,26910,2043.85,2025-08-20 19:44:09.779343,Home,1.2,6.45,49.22
339,69,Other,PhD,77713,4139.32,2025-06-07 19:44:09.779348,Food,3.9,36.0,19.17
340,58,Female,High School,66857,3824.99,2026-01-11 19:44:09.779351,Books,1.5,5.06,7.61
341,50,Female,Master,54964,2871.91,2025-08-26 19:44:09.779354,Food,2.2,31.16,33.34
342,57,Female,High School,105667,4780.68,2026-01-22 19:44:09.779357,Home,3.1,17.8,14.21
343,56,Male,Master,45227,1010.37,2025-05-18 19:44:09.779360,Electronics,3.3,39.45,29.29
344,35,Male,PhD,25978,555.23,2025-10-01 19:44:09.779363,Home,3.4,11.68,29.34
345,57,Female,Master,107527,4271.27,2025-04-25 19:44:09.779366,Electronics,1.7,31.96,22.29
346,18,Male,PhD,37153,2201.36,2025-05-07 19:44:09.779369,Clothing,2.5,11.78,41.81
347,28,Female,Bachelor,79765,4236.37,2025-11-19 19:44:09.779372,Home,3.5,35.68,13.25
348,45,Other,Bachelor,119084,4466.52,2025-12-19 19:44:09.779375,Home,4.9,43.68,22.43
349,74,Female,Bachelor,128212,321.66,2025-02-18 19:44:09.779378,Books,3.9,6.34,26.88
350,42,Other,Master,59071,4418.49,2025-03-08 19:44:09.779381,Food,4.7,43.33,33.18
351,67,Male,Bachelor,132990,2247.11,2025-09-08 19:44:09.779384,Electronics,4.0,29.68,39.2
352,40,Female,High School,89519,2557.06,2025-03-04 19:44:09.779387,Electronics,3.4,6.36,19.74
353,48,Male,PhD,29503,3136.7,2025-09-28 19:44:09.779390,Books,1.8,21.38,32.3
354,47,Other,PhD,80703,4632.65,2025-06-10 19:44:09.779393,Books,3.7,8.04,7.53
355,59,Other,High School,84379,105.39,2025-05-25 19:44:09.779398,Food,3.5,35.02,46.63
356,52,Other,Master,115457,2389.45,2025-05-03 19:44:09.779401,Food,3.4,37.94,19.15
357,24,Male,Master,77866,3441.73,2025-08-15 19:44:09.779404,Home,3.0,5.29,36.48
358,77,Male,PhD,36905,3616.31,2025-04-20 19:44:09.779407,Clothing,3.1,25.31,1.02
359,33,Male,Bachelor,65838,3465.74,2025-05-03 19:44:09.779410,Food,2.3,40.73,10.26
360,43,Male,Master,365458,8154.941157206479,2025-11-24 19:44:09.779413,Books,3.1,46.81,24.35
361,65,Other,Master,78279,1503.98,2025-09-05 19:44:09.779416,Food,1.8,25.68,43.91
362,74,Other,High School,109489,1799.99,2025-10-27 19:44:09.779419,Electronics,4.2,47.51,26.36
363,69,Female,High School,46806,4024.14,2025-02-27 19:44:09.779421,Clothing,1.7,26.78,46.49
364,77,Female,Bachelor,65000,1401.01,2025-08-19 19:44:09.779424,Home,1.3,19.71,24.19
365,66,Male,Master,42168,1061.42,2025-07-26 19:44:09.779427,Electronics,2.7,42.41,24.52
366,19,Other,Master,90119,4787.67,2025-06-07 19:44:09.779430,Electronics,3.6,24.65,5.99
367,18,Other,High School,58714,54.23,2025-06-28 19:44:09.779433,Clothing,2.8,23.6,40.13
368,65,Other,Master,74093,4989.13,2025-02-28 19:44:09.779436,Home,2.1,24.52,12.35
369,79,Female,PhD,75419,3387.34,2026-02-15 19:44:09.779439,Books,3.2,42.34,44.98
370,29,Female,High School,69145,4144.06,2025-07-25 19:44:09.779442,Home,2.4,41.6,45.54
371,22,Other,Bachelor,125432,1480.15,2025-08-05 19:44:09.779445,Food,4.7,20.18,47.17
372,54,Other,High School,97425,81.43,2025-03-14 19:44:09.779448,Electronics,4.7,16.66,26.01
373,49,Other,Master,112949,3691.97,2025-10-16 19:44:09.779450,Food,3.0,24.6,33.85
374,76,Female,Bachelor,97811,4172.38,2025-10-03 19:44:09.779453,Books,2.3,28.64,38.93
375,72,Other,High School,22461,3704.98,2025-03-16 19:44:09.779456,Food,3.9,11.92,6.55
376,26,Other,PhD,34291,722.82,2026-01-24 19:44:09.779459,Home,1.1,39.7,30.05
377,58,Male,PhD,66804,3769.61,2025-12-12 19:44:09.779462,Food,2.9,24.32,1.71
378,52,Male,High School,96971,3846.92,2025-12-19 19:44:09.779465,Books,2.3,16.7,24.88
379,36,Female,PhD,113471,3296.12,2026-01-20 19:44:09.779468,Books,4.7,5.34,7.74
380,65,Other,PhD,84946,3832.92,2026-01-30 19:44:09.779471,Books,1.0,11.94,9.15
381,33,Other,PhD,118989,4231.15,2025-08-31 19:44:09.779474,Home,3.2,47.46,18.25
382,20,Male,Bachelor,104080,3071.88,2025-12-06 19:44:09.779477,Books,4.0,15.25,21.62
383,37,Female,PhD,141719,452.14,2025-12-19 19:44:09.779480,Electronics,2.9,8.44,31.16
384,41,Male,PhD,81332,2443.26,2025-09-18 19:44:09.779483,Books,1.3,23.03,3.72
385,71,Male,PhD,97794,397.47,2025-05-18 19:44:09.779486,Food,4.9,15.35,25.18
386,73,Male,Bachelor,50841,2043.64,2026-01-01 19:44:09.779489,Food,3.1,1.76,9.13
387,50,Male,High School,144447,2041.46,2025-07-22 19:44:09.779492,Food,3.5,16.16,28.7
388,41,Other,Master,140029,339.39,2025-03-12 19:44:09.779495,Home,1.9,27.21,31.87
389,69,Other,PhD,68758,1750.61,2025-10-02 19:44:09.779498,Food,2.9,27.59,27.84
390,28,Male,High School,134726,563.88,2025-10-31 19:44:09.779501,Home,2.7,17.83,36.91
391,66,Female,PhD,96272,4043.09,2025-08-19 19:44:09.779504,Home,1.3,22.37,16.78
392,25,Female,Bachelor,57643,4738.96,2026-01-21 19:44:09.779506,Books,1.4,48.28,38.26
393,53,Female,High School,70408,370.86,2025-08-05 19:44:09.779509,Electronics,4.3,18.87,21.64
394,55,Female,Bachelor,63950,4776.02,2025-08-11 19:44:09.779512,Books,2.0,12.91,24.21
395,57,Male,PhD,76849,2617.66,2025-04-09 19:44:09.779515,Books,1.8,12.17,32.41
396,37,Other,PhD,120500,1504.83,2025-12-29 19:44:09.779518,Home,3.0,22.89,0.92
397,79,Female,Bachelor,48044,393.54,2025-09-22 19:44:09.779559,Home,4.1,37.98,32.7
398,52,Male,Master,125469,2508.12,2025-05-26 19:44:09.779572,Food,1.2,10.3,30.93
399,65,Female,Bachelor,145588,3974.63,2025-12-30 19:44:09.779579,Food,3.3,35.46,15.49
400,79,Female,PhD,35997,3538.36,2025-06-17 19:44:09.779583,Books,1.5,1.06,4.29
401,42,Male,Bachelor,99751,260.63,2025-10-28 19:44:09.779587,Clothing,1.1,20.95,4.55
402,52,Other,Master,118605,373.78,2025-09-01 19:44:09.779592,Clothing,1.2,38.79,46.16
403,42,Other,Bachelor,43911,2020.34,2025-09-05 19:44:09.779596,Food,4.3,16.94,34.46
404,46,Male,Master,325607,14112.780496841708,2026-02-04 19:44:09.779600,Clothing,1.5,28.19,6.36
405,35,Other,Master,102566,1169.6,2025-07-30 19:44:09.779603,Food,1.2,10.25,17.84
406,63,Male,Bachelor,114870,1412.21,2025-05-06 19:44:09.779607,Home,2.8,37.1,29.62
407,35,Male,Bachelor,367071,12550.64715797952,2025-08-13 19:44:09.779611,Books,4.4,2.61,41.78
408,19,Male,High School,128255,4646.85,2025-09-16 19:44:09.779615,Electronics,2.0,42.63,2.18
409,71,Other,PhD,149226,2031.46,2025-12-25 19:44:09.779618,Books,2.7,9.91,11.83
410,52,Male,Master,114463,4531.49,2025-08-20 19:44:09.779622,Food,1.2,43.72,44.49
411,33,Female,High School,77941,1614.26,2025-07-23 19:44:09.779625,Food,2.8,17.63,0.46
412,78,Other,Bachelor,78005,2387.42,2025-12-05 19:44:09.779629,Books,3.3,36.13,10.07
413,58,Other,PhD,106250,1137.88,2025-05-17 19:44:09.779633,Food,3.3,15.96,47.95
414,53,Other,High School,78712,3205.98,2025-10-08 19:44:09.779636,Clothing,2.3,45.3,30.67
415,50,Other,Master,63541,4895.12,2025-03-12 19:44:09.779640,Clothing,2.3,6.33,13.08
416,21,Female,High School,43387,3021.43,2025-12-21 19:44:09.779643,Food,1.4,8.93,3.35
417,50,Other,Master,113980,1795.49,2025-03-10 19:44:09.779647,Food,2.5,24.65,1.41
418,31,Other,Bachelor,348182,10309.824267031934,2025-08-20 19:44:09.779651,Clothing,1.4,4.1,12.24
419,38,Male,PhD,105457,623.37,2025-03-16 19:44:09.779654,Food,4.1,9.8,44.07
420,65,Other,PhD,33057,4444.41,2025-04-03 19:44:09.779658,Food,4.9,47.19,20.8
421,37,Female,PhD,84028,2520.39,2025-12-16 19:44:09.779662,Books,4.9,48.82,36.02
422,73,Female,Bachelor,130804,2252.26,2025-03-28 19:44:09.779666,Electronics,4.5,18.81,45.91
423,25,Female,Master,139246,2933.47,2025-06-03 19:44:09.779673,Clothing,3.4,46.16,20.4
424,24,Female,Bachelor,75731,3127.67,2025-08-09 19:44:09.779677,Books,3.8,27.24,9.56
425,20,Other,PhD,44858,368.16,2025-09-28 19:44:09.779681,Electronics,2.1,13.49,25.86
426,34,Other,Bachelor,68689,3416.26,2025-11-06 19:44:09.779684,Food,3.5,35.12,45.4
427,50,Female,Bachelor,64638,1217.24,2025-07-19 19:44:09.779688,Food,2.8,32.95,40.22
428,65,Female,Bachelor,111598,3572.62,2025-06-21 19:44:09.779691,Books,2.9,49.46,3.29
429,29,Other,Master,122386,4114.45,2025-07-24 19:44:09.779695,Food,4.0,13.25,34.63
430,76,Female,High School,348063,8106.853877522209,2025-11-17 19:44:09.779699,Home,2.1,33.6,28.59
431,68,Male,High School,40567,2766.98,2025-09-29 19:44:09.779702,Books,2.3,2.6,45.37
432,39,Female,Bachelor,49739,2605.65,2025-10-29 19:44:09.779706,Electronics,4.7,5.68,6.12
433,72,Female,High School,77804,722.95,2025-12-21 19:44:09.779711,Books,1.2,0.2,26.7
434,39,Male,High School,128821,3878.98,2026-01-06 19:44:09.779717,Clothing,2.9,49.97,43.97
435,63,Male,Bachelor,23754,1364.33,2025-07-26 19:44:09.779723,Books,4.7,40.11,20.5
436,47,Other,Bachelor,47044,2488.51,2025-05-26 19:44:09.779728,Food,3.4,39.34,24.1
437,55,Other,PhD,87260,1428.53,2025-04-28 19:44:09.779733,Food,3.2,25.49,3.52
438,55,Male,High School,86912,677.8,2025-10-23 19:44:09.779738,Home,2.0,15.0,13.91
439,62,Male,Master,145623,3151.49,2026-01-29 19:44:09.779743,Home,2.4,7.56,16.23
440,68,Other,Bachelor,28706,281.12,2025-07-11 19:44:09.779748,Home,4.4,14.23,47.26
441,71,Female,PhD,28894,3745.74,2025-09-05 19:44:09.779752,Electronics,3.2,18.8,14.13
442,25,Male,Master,38037,1594.76,2025-10-10 19:44:09.779757,Home,3.1,37.82,23.04
443,44,Other,High School,103986,10.67,2025-09-15 19:44:09.779762,Electronics,1.4,26.98,33.57
444,44,Female,PhD,101942,2560.53,2025-08-18 19:44:09.779767,Home,1.1,3.87,8.11
445,51,Male,Bachelor,71612,243.79,2025-11-20 19:44:09.779772,Electronics,4.9,0.9,24.32
446,38,Female,Master,49725,1388.09,2025-11-16 19:44:09.779777,Books,2.5,5.12,36.93
447,47,Other,Bachelor,25926,3537.81,2026-02-05 19:44:09.779782,Books,3.4,20.52,43.34
448,50,Male,High School,464491,10673.860318240622,2025-04-02 19:44:09.779786,Food,1.3,46.66,31.31
449,45,Female,Master,29496,4198.3,2025-05-01 19:44:09.779792,Electronics,3.7,31.87,33.45
450,64,Male,High School,76447,29.06,2025-07-03 19:44:09.779797,Clothing,4.7,40.09,6.31
451,50,Female,High School,121604,1241.65,2025-04-02 19:44:09.779801,Food,3.3,23.32,47.29
452,22,Other,PhD,49806,3707.11,2025-05-02 19:44:09.779806,Books,1.5,18.08,6.63
453,77,Other,Bachelor,108199,1588.19,2026-01-23 19:44:09.779811,Electronics,3.3,5.42,38.73
454,78,Male,Master,61321,518.44,2025-12-05 19:44:09.779816,Home,4.1,43.8,13.24
455,65,Female,High School,420782,9973.558190392308,2025-02-19 19:44:09.779821,Clothing,2.6,39.16,46.68
456,36,Male,High School,122031,1359.26,2025-04-25 19:44:09.779826,Books,4.5,8.41,36.0
457,21,Male,Master,85095,4215.13,2025-09-21 19:44:09.779831,Food,3.6,25.61,37.69
458,52,Female,High School,42656,1573.61,2025-09-23 19:44:09.779837,Electronics,4.6,24.37,10.95
459,66,Female,PhD,75147,3946.77,2026-02-10 19:44:09.779842,Clothing,3.5,31.25,22.15
460,34,Female,PhD,111396,4460.44,2026-01-20 19:44:09.779847,Electronics,1.5,47.31,30.89
461,61,Other,PhD,69666,2174.75,2025-04-28 19:44:09.779852,Home,2.2,28.99,38.5
462,45,Male,PhD,102368,4550.62,2025-07-24 19:44:09.779857,Food,1.8,27.01,5.2
463,47,Male,High School,58787,1892.82,2025-10-13 19:44:09.779862,Electronics,4.6,2.52,48.12
464,46,Other,Master,133767,4820.75,2025-03-15 19:44:09.779867,Books,4.0,3.15,44.51
465,63,Female,Master,82946,455.55,2025-10-25 19:44:09.779873,Food,3.7,9.37,13.52
466,70,Other,Master,41727,3438.23,2025-09-27 19:44:09.779877,Books,2.2,1.62,41.14
467,23,Other,Master,128351,2474.13,2025-04-06 19:44:09.779882,Electronics,1.7,37.17,25.92
468,52,Other,Bachelor,115081,1944.37,2025-06-28 19:44:09.779887,Food,4.0,36.17,23.09
469,77,Male,Master,142721,3167.23,2026-02-11 19:44:09.779892,Books,2.9,6.8,15.72
470,58,Other,Bachelor,130058,3522.25,2026-01-04 19:44:09.779897,Home,1.9,41.8,29.05
471,54,Male,Bachelor,88056,31.77,2025-06-24 19:44:09.779902,Home,3.5,7.74,36.49
472,41,Male,PhD,23081,843.1,2025-09-16 19:44:09.779907,Electronics,1.2,15.06,20.55
473,46,Male,Bachelor,54196,3568.1,2025-08-21 19:44:09.779912,Food,2.3,12.45,31.46
474,66,Female,High School,56735,3335.26,2025-07-18 19:44:09.779917,Clothing,2.9,18.62,34.97
475,63,Male,Bachelor,124749,4830.58,2025-11-22 19:44:09.779922,Food,1.6,12.73,35.56
476,70,Male,PhD,100102,3807.58,2025-06-07 19:44:09.779927,Home,4.9,24.45,2.6
477,48,Female,Bachelor,99578,4754.36,2025-12-07 19:44:09.779932,Books,1.8,20.37,42.99
478,52,Male,High School,45498,3515.68,2025-08-23 19:44:09.779936,Clothing,1.5,49.33,22.91
479,77,Other,High School,96865,1497.28,2025-07-21 19:44:09.779941,Electronics,1.8,2.8,13.12
480,50,Other,High School,51656,535.77,2025-05-01 19:44:09.779946,Clothing,4.1,7.11,12.09
481,69,Male,PhD,87695,3911.3,2025-06-29 19:44:09.779951,Electronics,2.7,2.64,24.15
482,78,Female,PhD,57900,3224.3,2025-06-24 19:44:09.779956,Clothing,3.3,31.29,44.34
483,38,Other,Master,148392,250.45,2025-07-10 19:44:09.779961,Electronics,1.1,2.73,18.92
484,49,Female,PhD,137235,1806.65,2025-10-22 19:44:09.779966,Electronics,1.1,41.82,37.49
485,40,Female,High School,104899,4784.43,2025-04-11 19:44:09.779971,Clothing,2.8,25.6,4.84
486,50,Other,High School,67701,2507.0,2025-05-30 19:44:09.779976,Clothing,4.3,26.35,23.8
487,20,Female,PhD,128777,2169.32,2025-07-26 19:44:09.779981,Electronics,4.5,28.08,49.58
488,35,Other,Bachelor,39033,2293.92,2025-11-15 19:44:09.779986,Home,1.3,8.54,38.52
489,42,Female,PhD,143193,1052.32,2025-07-11 19:44:09.779990,Clothing,3.2,9.88,10.53
490,59,Other,PhD,30805,1849.85,2025-05-18 19:44:09.779995,Food,4.7,15.94,25.07
491,48,Male,High School,55851,1855.37,2025-07-02 19:44:09.780000,Books,2.6,29.67,11.68
492,71,Other,Master,46832,271.25,2025-04-15 19:44:09.780005,Electronics,4.3,10.51,20.48
493,75,Other,High School,83437,3840.16,2025-10-22 19:44:09.780010,Electronics,1.5,5.82,39.0
494,20,Other,Master,135725,2088.36,2025-05-26 19:44:09.780015,Books,4.7,48.51,38.56
495,57,Other,High School,33944,4112.68,2025-05-21 19:44:09.780020,Home,4.0,1.1,11.41
496,63,Female,PhD,39873,4253.24,2025-12-16 19:44:09.780025,Books,4.8,40.13,46.11
497,41,Male,High School,60372,1067.85,2025-04-26 19:44:09.780030,Clothing,3.7,39.4,29.63
498,67,Other,High School,109464,3290.19,2025-03-05 19:44:09.780035,Books,2.5,14.86,19.0
499,49,Female,High School,35379,2366.69,2026-02-07 19:44:09.780040,Electronics,4.8,6.78,25.1
500,64,Male,PhD,137322,4401.98,2025-11-12 19:44:09.780045,Books,2.1,7.28,30.25
501,39,Male,PhD,56751,1086.55,2025-12-09 19:44:09.780050,Food,2.3,34.87,27.99
502,40,Male,PhD,120082,3392.29,2025-02-19 19:44:09.780055,Clothing,3.8,32.14,24.32
503,19,Male,PhD,109822,3042.68,2025-12-22 19:44:09.780060,Books,4.1,39.14,25.25
504,44,Other,Master,25110,1483.55,2025-05-04 19:44:09.780066,Electronics,4.7,46.87,8.82
505,59,Other,Master,74341,691.64,2025-06-12 19:44:09.780071,Clothing,1.8,34.6,40.64
506,19,Female,Bachelor,32087,3261.68,2025-05-18 19:44:09.780076,Electronics,4.2,7.79,27.09
507,43,Female,PhD,43762,3695.6,2025-12-30 19:44:09.780081,Home,4.0,12.17,6.55
508,34,Female,Master,135812,1584.98,2025-02-25 19:44:09.780088,Food,1.3,42.11,38.31
509,57,Male,High School,102617,3227.71,2025-07-17 19:44:09.780093,Home,2.5,10.47,46.62
510,50,Male,PhD,120483,1981.7,2025-12-28 19:44:09.780098,Food,2.1,3.63,47.37
511,26,Other,Bachelor,29596,3568.9,2025-05-23 19:44:09.780103,Books,2.2,35.16,18.45
512,60,Male,Bachelor,123555,1004.08,2025-11-26 19:44:09.780109,Clothing,4.9,20.13,6.78
513,71,Male,Bachelor,127539,4452.17,2025-05-01 19:44:09.780114,Books,3.6,46.0,25.92
514,65,Male,High School,38313,1444.17,2025-10-15 19:44:09.780119,Food,3.9,32.51,5.63
515,56,Female,Master,133175,1845.25,2025-04-28 19:44:09.780124,Food,4.9,4.52,46.7
516,46,Female,High School,86549,299.88,2025-12-08 19:44:09.780128,Food,2.5,47.39,9.18
517,59,Other,PhD,134914,566.45,2025-04-28 19:44:09.780133,Electronics,4.2,12.93,12.64
518,72,Male,Bachelor,43705,2584.15,2025-06-27 19:44:09.780138,Clothing,2.7,16.86,20.33
519,43,Male,High School,87364,1345.29,2025-12-24 19:44:09.780143,Books,4.5,20.11,19.16
520,52,Other,High School,93445,4179.05,2025-02-23 19:44:09.780148,Books,1.7,2.56,39.73
521,67,Male,Master,123892,83.32,2025-10-31 19:44:09.780153,Home,4.8,24.83,22.82
522,42,Male,Master,98645,1901.68,2025-08-10 19:44:09.780159,Food,1.9,6.17,8.54
523,41,Female,Bachelor,22023,1693.35,2025-11-17 19:44:09.780164,Food,2.3,20.05,13.36
524,30,Other,High School,139654,106.44,2025-03-05 19:44:09.780169,Food,4.0,17.54,25.46
525,77,Other,High School,79796,630.6,2025-12-24 19:44:09.780174,Books,2.6,38.64,7.37
526,75,Other,Master,100073,2074.08,2025-12-20 19:44:09.780179,Home,3.4,40.16,30.58
527,24,Other,High School,112197,2469.39,2025-10-03 19:44:09.780184,Electronics,2.8,7.67,28.29
528,74,Female,High School,338117,9727.231944671666,2026-01-10 19:44:09.780189,Clothing,4.0,18.33,35.74
529,53,Female,High School,124195,2659.38,2026-01-21 19:44:09.780194,Electronics,1.9,18.67,46.89
530,62,Male,Master,81627,2979.71,2025-12-31 19:44:09.780198,Books,1.2,7.57,45.61
531,37,Male,Bachelor,53848,59.52,2025-10-16 19:44:09.780203,Food,2.2,39.92,47.3
532,18,Male,PhD,57804,2325.83,2026-02-05 19:44:09.780208,Clothing,2.9,35.36,12.24
533,25,Male,Bachelor,35379,4817.86,2026-01-13 19:44:09.780213,Books,1.7,9.52,6.58
534,63,Female,PhD,79664,2599.97,2025-11-09 19:44:09.780218,Books,2.4,18.34,15.11
535,33,Other,High School,47766,3390.94,2025-05-12 19:44:09.780223,Books,2.6,5.29,44.75
536,31,Female,Bachelor,129126,1566.2,2025-11-24 19:44:09.780227,Clothing,1.2,31.41,48.6
537,29,Male,PhD,279876,8596.403342917634,2026-02-14 19:44:09.780232,Clothing,3.3,6.07,42.97
538,68,Female,Master,56060,3866.88,2025-07-10 19:44:09.780237,Home,4.5,49.3,5.5
539,40,Other,Master,114733,2611.27,2025-03-17 19:44:09.780242,Home,1.6,39.03,47.37
540,32,Other,Bachelor,89122,4880.31,2025-09-05 19:44:09.780247,Electronics,3.4,19.51,21.17
541,45,Female,Bachelor,36087,636.5,2025-03-11 19:44:09.780252,Clothing,3.7,28.93,0.47
542,51,Female,High School,68868,94.57,2025-05-16 19:44:09.780257,Clothing,2.7,45.57,22.12
543,19,Female,Bachelor,139119,3853.09,2025-10-11 19:44:09.780262,Clothing,3.8,27.7,2.3
544,49,Male,High School,43225,4037.71,2026-01-18 19:44:09.780267,Home,2.6,8.72,27.19
545,40,Female,High School,115286,609.83,2026-02-07 19:44:09.780272,Books,3.0,18.94,16.93
546,39,Female,Master,26643,1335.26,2025-04-22 19:44:09.780276,Food,1.0,42.16,23.67
547,68,Female,Master,113059,97.59,2025-11-14 19:44:09.780282,Home,3.8,32.21,30.66
548,42,Other,PhD,56727,1473.61,2025-08-12 19:44:09.780286,Clothing,3.6,32.54,43.44
549,75,Other,Master,31005,3867.98,2025-08-10 19:44:09.780291,Home,1.2,43.34,33.1
550,79,Male,Master,129079,2594.62,2025-05-28 19:44:09.780296,Electronics,2.5,44.7,21.7
551,78,Male,Bachelor,85697,1747.0,2025-10-13 19:44:09.780301,Clothing,4.9,45.99,40.97
552,39,Other,Master,36029,1864.98,2025-06-25 19:44:09.780306,Electronics,2.7,4.74,45.28
553,75,Other,PhD,135281,16.75,2025-02-28 19:44:09.780311,Clothing,3.0,27.21,5.99
554,75,Other,Bachelor,34226,1506.0,2025-10-29 19:44:09.780316,Home,4.6,37.03,26.6
555,39,Female,PhD,83646,3235.83,2025-04-08 19:44:09.780321,Books,3.9,37.85,14.23
556,66,Female,Master,80603,4871.23,2025-03-12 19:44:09.780326,Food,3.3,30.34,2.35
557,69,Other,PhD,48731,4236.83,2025-09-26 19:44:09.780331,Electronics,4.2,8.34,33.43
558,59,Female,Bachelor,129458,127.74,2025-12-15 19:44:09.780336,Home,4.5,39.87,43.14
559,23,Female,High School,130384,4493.82,2025-06-16 19:44:09.780341,Books,2.8,36.01,8.15
560,32,Male,PhD,88926,3918.16,2025-07-10 19:44:09.780346,Home,2.9,4.31,40.62
561,71,Other,PhD,25997,3904.08,2025-04-11 19:44:09.780350,Electronics,2.5,23.19,42.67
562,60,Other,Bachelor,487249,8991.279454325295,2025-11-04 19:44:09.780355,Food,4.9,8.7,45.72
563,77,Female,Bachelor,270825,14010.704384506473,2025-08-21 19:44:09.780360,Home,3.8,16.87,13.26
564,54,Other,PhD,69815,1521.55,2025-08-18 19:44:09.780365,Clothing,1.3,0.9,45.2
565,50,Male,Master,62092,337.82,2025-07-07 19:44:09.780370,Books,4.5,20.02,16.03
566,25,Male,PhD,82539,1148.89,2025-05-29 19:44:09.780375,Home,2.9,27.49,27.62
567,70,Male,Bachelor,86077,1240.55,2025-05-16 19:44:09.780380,Books,1.3,30.98,2.53
568,77,Other,High School,41817,2425.54,2025-11-21 19:44:09.780385,Clothing,3.2,33.17,2.19
569,61,Other,High School,57861,3739.75,2025-08-26 19:44:09.780389,Food,2.7,41.81,36.02
570,61,Other,Master,33428,2374.31,2026-01-31 19:44:09.780394,Food,4.5,10.77,22.22
571,22,Other,PhD,63934,298.64,2025-11-04 19:44:09.780399,Clothing,1.8,6.02,12.81
572,56,Other,High School,135555,4789.37,2025-05-23 19:44:09.780404,Books,4.3,42.58,9.52
573,21,Male,PhD,134367,4714.19,2025-04-05 19:44:09.780409,Home,3.2,7.83,33.5
574,23,Female,Bachelor,30258,3928.1,2025-09-04 19:44:09.780414,Clothing,1.2,48.74,0.02
575,62,Male,High School,77775,4956.73,2026-02-05 19:44:09.780419,Electronics,4.9,42.13,40.29
576,49,Other,Master,101580,2726.97,2025-03-18 19:44:09.780424,Books,3.1,25.04,3.96
577,69,Male,Bachelor,114947,4814.21,2026-01-17 19:44:09.780429,Food,2.2,49.07,9.57
578,47,Other,Master,25469,387.27,2026-01-09 19:44:09.780434,Clothing,2.9,4.87,19.31
579,64,Other,Bachelor,382873,14310.400957705244,2025-09-23 19:44:09.780439,Food,4.4,15.15,24.24
580,52,Male,High School,26256,1134.65,2025-07-15 19:44:09.780444,Books,2.2,31.91,17.75
581,72,Other,Master,144086,987.21,2025-07-14 19:44:09.780448,Food,1.8,17.5,16.04
582,57,Female,Master,96256,712.61,2025-11-28 19:44:09.780453,Clothing,1.5,46.42,48.2
583,69,Other,Bachelor,53937,3115.84,2025-03-22 19:44:09.780458,Books,2.2,3.28,32.08
584,33,Female,Master,119134,3908.8,2025-07-25 19:44:09.780463,Electronics,4.1,27.47,1.17
585,30,Female,Bachelor,21651,2895.71,2025-08-01 19:44:09.780468,Clothing,2.9,29.54,21.51
586,67,Other,Bachelor,70288,743.34,2025-03-23 19:44:09.780473,Home,1.9,32.64,43.75
587,77,Male,Bachelor,104730,4057.51,2026-01-11 19:44:09.780478,Clothing,1.7,12.78,15.07
588,59,Female,Bachelor,45051,3183.41,2025-07-22 19:44:09.780483,Books,2.3,18.23,4.73
589,47,Male,High School,47386,1946.95,2025-03-28 19:44:09.780488,Clothing,4.8,42.18,37.92
590,36,Female,Bachelor,95054,3373.91,2025-06-14 19:44:09.780493,Electronics,2.4,9.75,30.3
591,34,Other,PhD,131562,1306.93,2025-07-06 19:44:09.780498,Electronics,5.0,41.34,28.52
592,73,Other,Master,36184,1732.51,2026-01-01 19:44:09.780503,Home,2.9,28.13,2.68
593,36,Female,PhD,53787,4588.25,2026-01-31 19:44:09.780510,Food,1.7,38.11,7.02
594,45,Other,High School,41621,1459.62,2025-04-29 19:44:09.780517,Books,4.6,35.68,31.13
595,75,Female,PhD,95564,2355.24,2025-08-06 19:44:09.780522,Books,2.8,10.38,10.39
596,72,Other,Master,97984,4451.8,2025-08-15 19:44:09.780527,Food,3.8,28.44,25.2
597,43,Male,PhD,79792,3541.53,2025-03-10 19:44:09.780532,Electronics,4.9,43.39,27.24
598,54,Other,High School,65253,320.39,2025-07-09 19:44:09.780537,Electronics,1.2,21.61,14.18
599,43,Male,Bachelor,54051,745.04,2025-04-06 19:44:09.780542,Clothing,1.4,48.33,47.42
600,70,Other,PhD,69811,49.13,2025-02-18 19:44:09.780547,Home,3.9,22.61,42.12
601,79,Male,High School,50447,3158.3,2025-03-18 19:44:09.780552,Home,2.1,7.14,36.12
602,40,Other,High School,148046,2243.89,2025-07-04 19:44:09.780557,Home,1.7,19.47,3.9
603,26,Male,Master,103930,680.03,2025-12-03 19:44:09.780562,Clothing,1.2,47.59,5.31
604,29,Female,Master,143278,4790.09,2025-08-14 19:44:09.780567,Home,1.1,15.99,24.64
605,70,Female,PhD,254708,11955.505981256856,2025-03-09 19:44:09.780572,Food,4.1,43.4,8.04
606,18,Male,Bachelor,353625,9540.904709382687,2025-05-24 19:44:09.780577,Clothing,1.5,44.06,48.91
607,75,Other,High School,104045,2508.01,2025-11-15 19:44:09.780582,Food,2.9,17.51,7.93
608,75,Male,PhD,136859,3401.31,2025-04-14 19:44:09.780587,Clothing,3.4,4.16,24.37
609,18,Other,High School,77418,390.43,2025-10-09 19:44:09.780592,Home,2.7,36.23,18.21
610,64,Female,High School,134534,1380.77,2026-01-10 19:44:09.780597,Food,1.1,15.58,31.97
611,51,Other,Bachelor,34472,4036.76,2025-12-08 19:44:09.780602,Food,4.1,39.15,6.45
612,49,Female,Bachelor,131193,2303.73,2025-05-13 19:44:09.780606,Food,1.0,22.13,21.52
613,79,Other,PhD,23471,2737.42,2025-03-22 19:44:09.780611,Clothing,4.0,24.26,13.74
614,71,Other,Bachelor,127332,2169.75,2025-09-11 19:44:09.780616,Books,4.6,38.9,44.39
615,65,Other,Bachelor,140312,229.06,2025-08-15 19:44:09.780621,Home,2.7,19.12,2.03
616,42,Male,PhD,488988,10913.519217226201,2025-08-11 19:44:09.780626,Food,3.1,22.16,45.69
617,57,Male,Bachelor,115804,2233.25,2025-10-21 19:44:09.780631,Books,2.9,18.81,41.65
618,62,Female,Master,28329,1053.84,2025-07-13 19:44:09.780636,Home,2.6,18.37,14.88
619,70,Female,High School,54865,259.4,2025-12-27 19:44:09.780641,Home,4.5,26.3,39.46
620,18,Male,High School,66850,4219.81,2025-07-11 19:44:09.780646,Food,4.6,40.44,1.56
621,33,Female,High School,74220,4906.15,2025-10-10 19:44:09.780650,Food,2.3,18.09,48.34
622,78,Male,High School,264230,8805.076557796685,2025-06-26 19:44:09.780655,Clothing,3.5,26.21,26.33
623,56,Other,PhD,113808,4270.39,2025-06-17 19:44:09.780660,Books,4.7,33.54,15.16
624,22,Female,High School,128381,1217.47,2025-07-07 19:44:09.780665,Books,4.8,13.47,18.13
625,39,Female,High School,26397,4803.53,2025-07-25 19:44:09.780670,Food,3.0,13.88,3.32
626,46,Male,High School,117909,992.66,2025-11-14 19:44:09.780675,Home,2.8,46.67,49.47
627,72,Female,High School,149004,4757.63,2025-08-02 19:44:09.780679,Food,2.1,36.18,1.96
628,20,Female,Master,55525,4974.15,2025-06-16 19:44:09.780684,Home,4.8,28.86,32.75
629,29,Other,High School,73072,3561.5,2025-12-08 19:44:09.780689,Home,1.6,32.39,22.14
630,43,Female,Master,110106,4905.91,2025-04-06 19:44:09.780694,Food,3.3,1.46,47.45
631,33,Other,PhD,103820,2852.0,2025-08-17 19:44:09.780699,Electronics,2.1,30.91,12.3
632,68,Male,Bachelor,104530,1305.11,2026-02-12 19:44:09.780704,Books,2.1,25.48,26.6
633,54,Female,High School,43284,2190.61,2025-07-27 19:44:09.780709,Home,2.6,27.29,24.12
634,39,Other,Bachelor,81330,2971.87,2026-01-17 19:44:09.780714,Home,5.0,17.97,35.14
635,74,Male,Bachelor,324926,9892.682647174595,2025-11-11 19:44:09.780719,Electronics,1.2,4.07,3.4
636,46,Female,PhD,45122,3115.49,2025-06-07 19:44:09.780724,Clothing,3.3,9.67,9.69
637,31,Male,Bachelor,90553,4906.08,2025-08-15 19:44:09.780729,Electronics,1.3,47.54,10.73
638,45,Female,Master,101906,958.64,2025-12-04 19:44:09.780733,Electronics,1.6,20.43,36.91
639,22,Male,Bachelor,114788,3965.05,2025-08-25 19:44:09.780738,Home,2.8,23.33,9.46
640,64,Male,Bachelor,82812,4540.41,2025-04-09 19:44:09.780743,Books,3.0,2.64,28.67
641,66,Other,Bachelor,27999,4719.07,2025-05-07 19:44:09.780748,Electronics,2.0,1.88,10.76
642,47,Male,High School,42436,4801.08,2025-03-06 19:44:09.780753,Clothing,2.3,35.86,43.08
643,63,Female,High School,62963,2612.08,2025-06-08 19:44:09.780758,Food,1.3,26.9,47.11
644,79,Female,Master,22096,4886.77,2025-03-30 19:44:09.780763,Electronics,2.2,25.44,25.92
645,69,Other,Master,149940,3788.98,2025-08-12 19:44:09.780768,Electronics,4.9,12.16,17.62
646,22,Female,High School,133737,816.74,2025-04-16 19:44:09.780773,Clothing,4.8,37.24,11.7
647,29,Female,Master,45279,2389.73,2025-03-10 19:44:09.780778,Books,2.3,8.41,2.49
648,33,Female,High School,141092,3594.47,2025-10-14 19:44:09.780783,Electronics,3.3,9.5,13.43
649,43,Male,PhD,128899,1244.23,2025-05-07 19:44:09.780788,Electronics,4.6,23.04,32.71
650,43,Male,Bachelor,134245,3206.67,2025-06-09 19:44:09.780793,Books,1.0,14.31,26.68
651,65,Female,Bachelor,46201,3336.34,2025-07-20 19:44:09.780798,Clothing,4.2,12.37,47.2
652,38,Other,Master,39715,821.87,2025-06-13 19:44:09.780803,Electronics,4.8,32.26,19.81
653,56,Male,High School,49309,2829.78,2025-11-26 19:44:09.780808,Books,1.4,32.55,34.69
654,53,Other,High School,35078,3860.42,2026-02-05 19:44:09.780813,Electronics,1.6,41.23,24.47
655,50,Female,Master,76614,2499.49,2026-01-04 19:44:09.780817,Food,4.8,20.89,25.63
656,79,Female,High School,25105,70.39,2025-10-14 19:44:09.780822,Home,3.2,3.65,13.39
657,47,Male,PhD,137666,55.1,2025-10-27 19:44:09.780827,Food,1.1,13.68,22.75
658,54,Female,Bachelor,114848,1791.58,2025-05-18 19:44:09.780832,Electronics,2.0,49.0,23.54
659,40,Male,Master,22839,4631.71,2025-07-28 19:44:09.780837,Clothing,2.8,29.81,35.33
660,75,Female,Master,88920,1151.1,2025-03-18 19:44:09.780842,Home,3.8,35.49,47.03
661,27,Female,High School,63619,3175.47,2025-05-21 19:44:09.780847,Food,3.9,0.37,16.47
662,71,Male,Master,62821,1118.16,2025-12-22 19:44:09.780852,Books,5.0,25.91,2.11
663,22,Male,PhD,145736,1615.13,2025-03-27 19:44:09.780857,Clothing,2.2,1.88,24.81
664,53,Male,High School,33493,4241.73,2025-07-14 19:44:09.780862,Food,3.2,28.46,27.22
665,51,Female,High School,37069,3647.02,2025-11-01 19:44:09.780867,Books,3.1,46.04,8.42
666,69,Female,High School,132443,486.04,2025-05-15 19:44:09.780872,Electronics,2.6,48.42,38.02
667,48,Other,High School,27531,2149.22,2025-08-28 19:44:09.780877,Books,1.7,27.03,49.25
668,27,Male,PhD,57051,155.56,2025-03-27 19:44:09.780881,Food,4.9,22.91,47.29
669,75,Female,High School,27736,2409.64,2025-05-30 19:44:09.780886,Food,4.4,47.25,9.86
670,36,Female,Master,27710,3315.55,2025-04-09 19:44:09.780891,Electronics,3.0,33.68,43.77
671,75,Male,PhD,87155,601.33,2025-10-30 19:44:09.780897,Books,3.4,3.24,35.22
672,49,Other,Bachelor,33975,1451.54,2025-08-15 19:44:09.780901,Books,1.9,23.29,22.69
673,18,Male,Bachelor,82424,1995.2,2025-05-25 19:44:09.780906,Electronics,3.2,12.01,27.03
674,73,Other,Master,65603,4598.46,2025-07-04 19:44:09.780913,Books,3.8,23.49,42.48
675,22,Female,Master,43252,4966.34,2025-09-15 19:44:09.780918,Electronics,3.1,22.77,24.01
676,62,Other,PhD,100797,234.11,2025-08-13 19:44:09.780923,Clothing,5.0,29.11,18.66
677,21,Female,Bachelor,21431,3807.43,2025-05-22 19:44:09.780928,Food,3.4,17.84,24.66
678,33,Male,Bachelor,94603,1864.9,2026-02-16 19:44:09.780933,Clothing,2.5,8.21,28.96
679,41,Male,Bachelor,57481,1968.37,2025-06-17 19:44:09.780944,Home,4.1,25.19,9.45
680,33,Male,Bachelor,112573,3773.78,2025-07-23 19:44:09.780950,Home,1.7,41.51,45.05
681,72,Other,Bachelor,29557,4592.95,2025-05-08 19:44:09.780955,Home,2.5,33.2,33.71
682,19,Female,High School,94971,4755.13,2025-02-24 19:44:09.780960,Electronics,2.4,16.92,31.66
683,66,Male,Master,123302,2889.84,2026-02-05 19:44:09.780965,Books,2.7,46.78,4.97
684,45,Male,High School,20162,1792.03,2025-11-14 19:44:09.780971,Clothing,4.1,45.61,30.21
685,49,Female,Bachelor,54742,3939.87,2025-07-12 19:44:09.780975,Clothing,2.9,10.47,6.05
686,44,Male,PhD,39675,1262.5,2025-06-25 19:44:09.780980,Clothing,4.2,1.97,3.93
687,37,Female,PhD,93997,2824.73,2025-11-16 19:44:09.780985,Clothing,3.3,37.07,26.37
688,41,Female,Bachelor,37015,1799.31,2025-03-17 19:44:09.780990,Home,2.4,41.38,20.14
689,29,Female,Bachelor,70057,3286.59,2025-05-25 19:44:09.780993,Clothing,4.2,48.39,29.44
690,67,Female,PhD,52591,1209.59,2025-08-31 19:44:09.780996,Books,2.0,44.49,4.46
691,52,Female,High School,113583,966.05,2025-11-16 19:44:09.780999,Home,1.9,30.03,21.55
692,77,Other,High School,146133,4592.01,2025-09-22 19:44:09.781002,Clothing,3.0,26.5,8.74
693,50,Male,Bachelor,120318,518.0,2025-10-29 19:44:09.781004,Electronics,2.0,1.39,49.36
694,50,Other,High School,29833,2534.73,2025-12-25 19:44:09.781007,Food,1.0,12.33,28.06
695,78,Male,PhD,27896,1112.06,2025-03-18 19:44:09.781010,Food,3.6,22.98,34.37
696,68,Other,High School,52972,204.26,2025-10-25 19:44:09.781013,Food,3.0,31.43,16.27
697,60,Female,Bachelor,69733,189.73,2025-09-28 19:44:09.781016,Home,2.8,27.86,4.74
698,54,Male,PhD,140363,884.36,2025-08-01 19:44:09.781019,Clothing,4.9,37.13,48.79
699,29,Male,High School,61800,4335.18,2025-08-22 19:44:09.781048,Home,3.3,13.99,14.31
700,20,Other,Master,116044,1419.57,2025-07-31 19:44:09.781052,Books,4.5,28.25,21.19
701,18,Other,PhD,25347,4752.79,2025-02-19 19:44:09.781055,Electronics,1.6,4.41,32.49
702,50,Male,PhD,79063,2912.3,2025-12-27 19:44:09.781059,Electronics,3.3,20.68,1.23
703,57,Other,Master,115850,2188.7,2025-08-22 19:44:09.781061,Food,4.5,37.51,40.51
704,27,Other,Master,22643,2904.64,2025-04-11 19:44:09.781064,Food,3.3,34.67,26.83
705,60,Other,PhD,60785,2588.32,2025-04-16 19:44:09.781067,Food,3.9,49.53,13.91
706,61,Female,Master,38681,3796.29,2025-10-04 19:44:09.781071,Clothing,2.5,13.89,3.08
707,46,Female,Bachelor,70026,1419.66,2025-08-20 19:44:09.781073,Books,1.4,24.91,8.12
708,30,Other,Bachelor,123864,1771.72,2026-02-17 19:44:09.781076,Books,2.8,16.48,44.75
709,29,Other,Bachelor,35892,4471.53,2026-01-05 19:44:09.781080,Books,2.6,22.03,34.3
710,48,Female,PhD,67299,4732.82,2025-07-06 19:44:09.781083,Books,4.5,42.85,12.5
711,63,Female,Master,37073,4463.87,2025-03-24 19:44:09.781086,Food,2.0,34.21,3.28
712,19,Male,Master,122304,2103.05,2025-11-12 19:44:09.781089,Electronics,4.9,44.12,34.53
713,78,Male,High School,50682,3904.02,2025-07-25 19:44:09.781092,Food,4.8,10.18,28.62
714,68,Female,High School,117798,2386.92,2025-05-29 19:44:09.781095,Books,2.0,43.67,20.23
715,67,Other,Master,146021,2492.72,2025-05-06 19:44:09.781098,Food,2.4,2.99,18.18
716,52,Other,Master,116894,1031.35,2025-05-23 19:44:09.781101,Books,4.6,44.43,10.84
717,40,Other,Master,144302,2959.74,2025-10-01 19:44:09.781103,Home,4.9,16.45,33.48
718,34,Other,PhD,34289,938.82,2025-06-26 19:44:09.781106,Electronics,2.8,15.73,48.53
719,43,Male,Master,135359,1664.51,2025-12-08 19:44:09.781109,Home,2.3,25.6,8.79
720,25,Female,High School,27927,4276.6,2025-09-16 19:44:09.781112,Clothing,3.1,47.03,29.86
721,46,Other,PhD,68330,1043.31,2025-08-12 19:44:09.781115,Food,3.8,2.39,21.21
722,43,Male,Master,86707,365.08,2025-05-26 19:44:09.781118,Clothing,2.1,17.61,22.33
723,27,Other,High School,140279,354.35,2025-04-03 19:44:09.781121,Food,3.9,42.83,12.71
724,43,Female,PhD,97454,4704.51,2025-11-03 19:44:09.781123,Home,1.2,19.8,41.26
725,79,Male,Master,127439,2539.53,2025-07-01 19:44:09.781126,Books,1.2,9.96,24.26
726,51,Female,Master,124646,2052.97,2026-01-07 19:44:09.781129,Books,2.5,21.24,27.17
727,68,Female,Master,85428,4056.28,2025-08-12 19:44:09.781132,Food,2.4,19.28,15.24
728,58,Male,PhD,70601,4180.77,2025-10-02 19:44:09.781135,Books,2.3,45.77,9.09
729,24,Male,High School,97465,1667.63,2025-11-07 19:44:09.781138,Home,3.0,38.1,4.3
730,21,Male,High School,22539,3471.15,2025-08-31 19:44:09.781141,Books,2.3,25.26,35.71
731,75,Male,Bachelor,122263,3857.9,2025-03-04 19:44:09.781144,Home,1.8,49.42,9.81
732,70,Male,Master,131487,3276.71,2025-05-21 19:44:09.781147,Clothing,2.2,23.26,34.5
733,67,Male,Bachelor,42669,766.46,2025-07-12 19:44:09.781150,Home,4.9,2.91,19.52
734,62,Male,Bachelor,90968,4380.66,2025-07-20 19:44:09.781152,Electronics,2.6,13.11,20.79
735,28,Other,High School,40644,2700.08,2025-03-14 19:44:09.781155,Electronics,2.8,21.8,23.46
736,46,Female,PhD,38745,1419.54,2025-12-24 19:44:09.781158,Electronics,3.3,7.85,18.39
737,73,Male,PhD,140852,2131.89,2025-03-13 19:44:09.781161,Food,4.9,47.38,5.03
738,53,Other,High School,148081,197.48,2025-11-08 19:44:09.781164,Food,2.0,38.34,15.48
739,42,Other,PhD,48228,648.06,2025-08-10 19:44:09.781167,Food,3.7,13.41,33.19
740,38,Other,Bachelor,138358,3830.08,2025-04-14 19:44:09.781170,Home,3.9,29.54,33.29
741,78,Female,Master,54521,10.06,2025-08-02 19:44:09.781173,Food,3.4,36.07,14.31
742,74,Male,High School,416085,9393.576189795704,2025-06-30 19:44:09.781175,Clothing,1.4,47.06,23.01
743,53,Other,Master,117239,2617.33,2025-07-06 19:44:09.781178,Electronics,3.7,44.08,9.67
744,27,Female,PhD,46928,282.63,2025-10-02 19:44:09.781181,Home,1.3,25.76,10.52
745,54,Female,Master,38322,4865.66,2025-03-11 19:44:09.781184,Electronics,3.4,38.73,1.15
746,26,Female,PhD,77714,1138.37,2025-04-19 19:44:09.781187,Food,4.0,28.11,44.84
747,41,Other,PhD,107896,1527.95,2025-09-22 19:44:09.781190,Home,1.8,27.64,10.54
748,52,Male,Bachelor,497197,14037.038910988098,2025-10-26 19:44:09.781193,Books,4.4,5.74,11.38
749,66,Other,PhD,448966,14730.497754660031,2025-12-17 19:44:09.781196,Clothing,1.1,6.31,13.98
750,52,Other,Bachelor,62891,17.35,2025-11-06 19:44:09.781198,Food,4.4,26.48,6.37
751,65,Male,Bachelor,101912,3649.43,2025-03-16 19:44:09.781201,Food,2.8,13.44,31.96
752,53,Male,Bachelor,26588,4834.56,2025-02-24 19:44:09.781204,Clothing,1.9,1.05,3.76
753,35,Male,High School,110536,1129.22,2025-09-15 19:44:09.781207,Clothing,1.5,36.14,6.71
754,66,Female,High School,26304,3318.61,2025-05-21 19:44:09.781210,Books,4.8,1.62,32.24
755,56,Male,PhD,27345,3712.06,2026-02-12 19:44:09.781213,Food,1.3,29.76,16.98
756,49,Other,Bachelor,49300,4243.64,2025-09-24 19:44:09.781216,Food,1.8,26.96,35.4
757,41,Male,High School,44259,2118.92,2025-08-18 19:44:09.781219,Electronics,2.4,48.44,27.87
758,40,Other,Bachelor,111006,1521.63,2026-01-21 19:44:09.781221,Home,3.5,24.21,12.8
759,79,Female,Master,108553,1633.22,2026-01-11 19:44:09.781224,Home,3.2,3.18,32.54
760,49,Other,Master,35352,3565.98,2025-10-22 19:44:09.781227,Electronics,1.5,27.58,5.81
761,54,Other,Master,149350,4085.73,2025-05-01 19:44:09.781230,Home,2.2,42.05,26.82
762,29,Male,PhD,53365,916.25,2025-06-19 19:44:09.781234,Clothing,2.0,49.84,21.86
763,66,Male,Bachelor,39446,1861.0,2025-12-12 19:44:09.781238,Home,1.9,21.52,13.39
764,72,Other,Master,22336,4510.68,2025-07-19 19:44:09.781241,Home,2.6,16.01,30.2
765,30,Male,High School,82032,4035.4,2025-07-15 19:44:09.781244,Electronics,3.8,45.33,43.57
766,40,Female,Master,95415,4924.44,2025-08-25 19:44:09.781247,Books,1.9,9.56,49.95
767,42,Female,Master,117852,3773.7,2025-04-25 19:44:09.781250,Home,2.5,30.77,30.39
768,52,Male,Master,118876,1972.04,2025-09-07 19:44:09.781253,Home,2.6,20.29,20.24
769,58,Female,PhD,27521,2957.28,2025-12-22 19:44:09.781256,Books,4.9,2.05,11.26
770,47,Male,High School,91707,3308.46,2025-05-25 19:44:09.781259,Electronics,4.8,17.36,12.85
771,34,Other,Bachelor,43481,401.49,2025-04-16 19:44:09.781261,Books,4.2,13.26,23.97
772,66,Other,High School,38474,2727.04,2025-12-22 19:44:09.781264,Electronics,2.0,34.3,18.36
773,79,Female,Bachelor,66760,3549.51,2025-05-06 19:44:09.781267,Clothing,1.3,47.44,45.69
774,37,Male,PhD,75718,844.93,2025-11-05 19:44:09.781270,Electronics,2.3,13.4,18.41
775,65,Male,PhD,64629,3905.35,2025-07-05 19:44:09.781273,Clothing,2.1,40.57,18.67
776,42,Female,PhD,65232,2923.03,2025-06-16 19:44:09.781276,Clothing,3.0,2.77,19.18
777,39,Other,PhD,106544,4761.59,2025-08-14 19:44:09.781279,Electronics,4.1,26.91,41.83
778,30,Female,Bachelor,87169,221.69,2025-11-27 19:44:09.781288,Food,4.4,3.53,32.54
779,76,Other,Master,147941,1333.98,2025-08-16 19:44:09.781292,Electronics,4.4,46.7,30.71
780,36,Male,Bachelor,70669,3011.75,2025-06-11 19:44:09.781295,Home,2.4,38.32,16.71
781,66,Other,High School,98021,1489.83,2025-02-28 19:44:09.781298,Home,3.7,32.9,40.9
782,53,Female,PhD,129153,3574.98,2025-06-25 19:44:09.781301,Food,2.3,41.19,1.92
783,29,Male,PhD,89184,3797.44,2025-02-23 19:44:09.781303,Clothing,1.2,32.38,43.54
784,78,Female,High School,67945,521.55,2025-08-18 19:44:09.781306,Food,3.8,48.45,25.64
785,58,Female,Bachelor,348843,8448.304667053519,2025-05-10 19:44:09.781309,Home,1.0,35.7,19.91
786,36,Other,Master,146468,2549.36,2025-07-23 19:44:09.781312,Food,2.6,46.23,24.86
787,29,Female,Master,103457,1852.71,2025-04-20 19:44:09.781315,Electronics,2.3,25.86,33.37
788,26,Other,High School,419700,14614.893498890902,2025-04-28 19:44:09.781318,Food,3.8,5.85,0.64
789,24,Male,Master,414340,12823.76357040777,2025-11-13 19:44:09.781321,Clothing,4.1,26.41,43.58
790,45,Other,Bachelor,88673,3489.07,2025-07-25 19:44:09.781324,Electronics,2.2,6.34,22.34
791,31,Male,Bachelor,141673,3574.49,2025-10-04 19:44:09.781327,Books,4.2,29.62,17.15
792,48,Other,High School,85633,2313.96,2025-08-18 19:44:09.781330,Home,2.2,24.12,6.91
793,69,Female,Bachelor,96943,4605.76,2025-12-04 19:44:09.781333,Home,2.8,31.13,21.97
794,36,Other,PhD,116111,3476.03,2025-05-07 19:44:09.781336,Food,3.9,0.5,24.82
795,75,Other,High School,98258,3647.62,2025-09-29 19:44:09.781338,Electronics,3.8,9.74,20.18
796,64,Male,Bachelor,32924,4309.84,2025-06-26 19:44:09.781341,Books,4.9,24.57,33.93
797,33,Female,High School,89286,1377.62,2026-01-24 19:44:09.781344,Electronics,1.9,47.53,21.04
798,70,Other,Master,113269,4037.28,2025-05-04 19:44:09.781347,Home,3.6,19.18,48.07
799,22,Female,Bachelor,147563,984.25,2025-12-13 19:44:09.781350,Electronics,3.4,21.22,29.96
800,52,Other,PhD,94071,1733.26,2025-06-13 19:44:09.781353,Books,4.7,35.73,40.37
801,29,Other,Bachelor,77326,1684.7,2025-10-23 19:44:09.781356,Food,1.6,30.19,5.47
802,42,Female,High School,110023,4892.84,2025-12-07 19:44:09.781359,Clothing,4.0,14.95,19.86
803,69,Other,High School,140101,4284.12,2025-05-12 19:44:09.781361,Electronics,3.3,20.54,16.84
804,76,Female,Bachelor,50651,3508.84,2025-02-23 19:44:09.781364,Clothing,2.1,10.88,28.47
805,38,Other,PhD,90202,3638.01,2026-02-08 19:44:09.781367,Home,2.9,48.3,43.06
806,53,Male,PhD,68777,2814.74,2025-07-22 19:44:09.781370,Food,2.3,6.53,3.92
807,70,Female,PhD,36994,4735.98,2025-04-01 19:44:09.781373,Food,3.3,18.59,3.63
808,40,Other,High School,87263,2486.33,2025-09-19 19:44:09.781376,Electronics,4.6,1.29,42.52
809,33,Other,Bachelor,79634,1908.78,2026-02-13 19:44:09.781379,Food,3.3,11.09,10.64
810,74,Male,Master,120158,823.55,2025-08-07 19:44:09.781381,Electronics,3.5,39.02,33.44
811,56,Female,High School,30800,3933.17,2025-05-11 19:44:09.781384,Electronics,3.1,10.06,27.14
812,62,Other,PhD,57823,3674.88,2025-10-28 19:44:09.781387,Clothing,1.2,4.0,41.64
813,70,Male,Bachelor,128575,1927.93,2025-05-23 19:44:09.781390,Food,1.9,23.72,6.25
814,59,Other,PhD,83878,135.72,2025-09-08 19:44:09.781393,Electronics,3.0,0.5,6.49
815,75,Female,Master,38708,4196.6,2025-11-05 19:44:09.781396,Clothing,2.2,4.24,27.84
816,56,Other,PhD,32819,66.98,2025-08-21 19:44:09.781399,Books,1.7,40.38,47.32
817,31,Other,PhD,94905,3521.46,2026-01-05 19:44:09.781402,Clothing,3.0,38.57,20.75
818,48,Other,Master,83870,4851.58,2025-05-12 19:44:09.781405,Clothing,2.3,45.76,16.35
819,75,Other,Bachelor,29283,2193.93,2025-08-27 19:44:09.781408,Electronics,2.0,42.73,30.33
820,22,Male,High School,50573,1182.52,2025-09-09 19:44:09.781411,Home,2.9,34.16,46.52
821,52,Male,Bachelor,98707,3527.31,2025-03-04 19:44:09.781413,Home,1.5,2.62,41.85
822,40,Female,Master,50933,4087.47,2025-03-15 19:44:09.781416,Home,4.7,39.14,49.77
823,46,Male,PhD,25774,2736.69,2025-10-01 19:44:09.781419,Clothing,4.5,42.28,1.13
824,60,Male,Bachelor,92055,4835.51,2025-10-09 19:44:09.781422,Electronics,3.8,39.95,5.64
825,28,Female,High School,30983,267.83,2025-11-23 19:44:09.781425,Food,1.4,25.42,30.47
826,35,Male,Master,116468,2528.93,2025-08-26 19:44:09.781428,Clothing,4.1,11.65,41.03
827,64,Male,Bachelor,116334,3595.09,2025-08-19 19:44:09.781431,Clothing,4.2,42.27,14.26
828,29,Female,High School,38133,4314.58,2025-10-12 19:44:09.781434,Electronics,4.1,36.36,11.96
829,26,Female,Master,145555,904.49,2025-06-17 19:44:09.781436,Books,1.5,49.04,39.35
830,27,Female,High School,34939,4002.02,2025-11-21 19:44:09.781439,Clothing,3.6,7.78,2.82
831,75,Other,Master,20781,2768.01,2025-12-14 19:44:09.781442,Books,4.3,11.28,18.47
832,61,Other,PhD,134586,1988.8,2025-09-13 19:44:09.781445,Books,3.3,10.59,25.29
833,34,Female,Bachelor,76700,667.26,2025-09-22 19:44:09.781448,Home,3.6,39.63,28.02
834,78,Female,High School,47624,4327.83,2025-03-15 19:44:09.781451,Electronics,2.8,9.35,36.43
835,55,Female,Master,26823,794.79,2025-10-25 19:44:09.781453,Books,3.1,3.33,17.74
836,24,Other,High School,38489,1555.84,2025-07-19 19:44:09.781456,Electronics,1.1,49.93,30.63
837,63,Other,High School,138555,1457.33,2025-04-30 19:44:09.781459,Home,3.6,1.24,29.27
838,30,Male,Bachelor,59961,4358.36,2025-06-10 19:44:09.781462,Electronics,1.3,41.76,27.38
839,57,Male,PhD,139664,3366.79,2025-09-28 19:44:09.781465,Clothing,2.7,18.27,32.02
840,59,Female,High School,49118,3985.44,2025-06-13 19:44:09.781468,Books,2.2,42.08,12.97
841,26,Other,Master,120417,1259.83,2025-04-22 19:44:09.781471,Electronics,3.2,27.73,4.23
842,67,Other,Master,101816,3128.12,2026-01-24 19:44:09.781474,Food,1.5,45.08,5.96
843,44,Other,PhD,42263,2863.01,2025-05-17 19:44:09.781477,Electronics,3.8,46.31,11.23
844,75,Female,Master,33565,4165.82,2025-12-10 19:44:09.781480,Books,4.2,0.45,25.01
845,19,Male,PhD,40354,4531.37,2025-10-28 19:44:09.781482,Home,1.7,3.77,42.02
846,22,Female,Master,62951,70.66,2025-02-20 19:44:09.781485,Home,1.4,12.52,35.06
847,46,Male,Bachelor,111179,3373.36,2025-10-29 19:44:09.781488,Books,1.6,33.47,39.45
848,54,Male,High School,43648,268.66,2025-02-19 19:44:09.781492,Clothing,4.5,44.41,17.55
849,55,Female,Bachelor,70729,2748.8,2025-04-21 19:44:09.781496,Clothing,3.1,23.0,20.23
850,36,Male,High School,61971,1445.29,2025-11-19 19:44:09.781498,Home,2.9,30.35,19.68
851,25,Male,High School,38658,1540.82,2026-01-31 19:44:09.781501,Home,1.4,9.42,9.59
852,65,Other,High School,41253,1771.26,2025-09-22 19:44:09.781504,Books,3.6,40.25,3.06
853,62,Male,Bachelor,84166,3110.25,2025-07-06 19:44:09.781507,Clothing,4.5,48.37,29.55
854,18,Female,High School,68563,1676.91,2025-07-19 19:44:09.781510,Home,4.3,13.43,49.46
855,39,Female,Bachelor,46390,3666.17,2025-02-23 19:44:09.781513,Clothing,3.5,24.74,8.34
856,69,Male,PhD,108664,2028.59,2025-09-20 19:44:09.781516,Home,1.3,4.31,2.33
857,34,Other,Master,71578,351.08,2025-08-10 19:44:09.781519,Electronics,1.4,27.96,38.98
858,24,Other,Master,99025,3920.96,2026-01-09 19:44:09.781521,Food,1.2,25.14,12.63
859,42,Male,High School,123850,1435.93,2025-06-21 19:44:09.781524,Electronics,2.0,7.22,41.48
860,62,Male,Bachelor,52658,2169.51,2025-10-03 19:44:09.781527,Home,1.5,22.1,35.2
861,21,Female,Master,26852,3430.36,2025-03-10 19:44:09.781530,Food,2.0,16.71,47.28
862,53,Male,Bachelor,147282,1668.96,2025-08-22 19:44:09.781536,Food,2.5,26.09,20.45
863,23,Other,Bachelor,114986,292.36,2025-08-02 19:44:09.781539,Home,4.8,29.28,33.1
864,77,Male,High School,393242,14735.3013664426,2025-07-30 19:44:09.781542,Home,3.4,0.42,23.24
865,48,Female,Master,91947,4722.8,2025-12-19 19:44:09.781544,Clothing,4.3,38.05,31.53
866,36,Female,High School,81001,3212.25,2025-08-10 19:44:09.781547,Home,3.8,35.65,22.48
867,78,Female,High School,69159,3360.68,2026-02-13 19:44:09.781550,Books,1.5,18.31,9.43
868,61,Female,Master,142775,3165.09,2025-06-26 19:44:09.781553,Home,3.9,2.65,25.39
869,71,Female,Master,71707,1002.97,2025-08-21 19:44:09.781556,Books,2.1,37.75,26.43
870,56,Male,PhD,53243,2097.49,2025-04-13 19:44:09.781559,Home,3.6,47.76,40.53
871,44,Male,PhD,41800,3757.19,2026-01-12 19:44:09.781562,Clothing,2.4,12.01,36.78
872,27,Male,Bachelor,95939,515.85,2025-12-24 19:44:09.781564,Books,5.0,16.18,33.19
873,43,Male,Master,77828,1396.49,2025-06-26 19:44:09.781567,Electronics,2.1,9.19,5.67
874,36,Female,PhD,27239,1388.83,2025-02-25 19:44:09.781570,Books,2.1,28.85,36.03
875,56,Other,Bachelor,26710,2165.77,2025-03-06 19:44:09.781573,Clothing,4.7,7.74,25.02
876,79,Male,Bachelor,41384,4902.04,2025-08-05 19:44:09.781576,Books,1.1,17.81,44.7
877,20,Other,Bachelor,41038,346.84,2025-12-07 19:44:09.781579,Home,3.8,34.85,45.99
878,62,Male,PhD,60846,2598.32,2025-12-21 19:44:09.781582,Home,3.9,28.01,2.76
879,30,Male,Master,308199,12578.161543611324,2025-06-23 19:44:09.781585,Clothing,4.3,19.32,41.03
880,67,Other,High School,87821,4853.68,2026-02-16 19:44:09.781587,Food,4.9,21.01,1.88
881,45,Female,Bachelor,57991,575.38,2025-02-23 19:44:09.781590,Home,4.9,28.11,18.36
882,79,Male,PhD,99057,2023.97,2025-08-14 19:44:09.781593,Electronics,1.3,0.29,27.11
883,75,Male,PhD,133193,3692.05,2025-04-17 19:44:09.781596,Clothing,4.3,3.93,7.41
884,37,Male,High School,26971,3525.73,2026-01-19 19:44:09.781599,Books,3.6,44.06,37.32
885,45,Other,High School,49139,2119.42,2025-05-27 19:44:09.781602,Books,3.6,3.89,0.42
886,25,Female,PhD,105445,1739.16,2025-11-02 19:44:09.781605,Electronics,1.5,35.34,8.43
887,78,Other,Master,97067,1994.09,2025-03-23 19:44:09.781608,Home,3.6,46.0,29.04
888,58,Other,High School,100257,1328.74,2025-11-20 19:44:09.781611,Clothing,4.9,13.53,35.72
889,56,Female,PhD,104742,1034.61,2025-07-28 19:44:09.781613,Electronics,4.6,18.52,45.83
890,18,Other,High School,57711,2420.37,2025-07-13 19:44:09.781616,Home,2.8,28.45,35.27
891,20,Female,Master,26530,1349.98,2025-11-16 19:44:09.781619,Clothing,1.2,44.09,33.59
892,30,Male,Bachelor,287493,11105.19790922731,2025-11-07 19:44:09.781622,Books,2.4,47.1,19.72
893,45,Female,High School,85794,3287.21,2025-07-10 19:44:09.781625,Clothing,4.3,36.98,0.06
894,79,Male,Master,20282,4843.0,2025-08-16 19:44:09.781628,Food,3.8,4.33,6.01
895,74,Other,PhD,320787,11641.265155967318,2025-08-18 19:44:09.781630,Clothing,2.8,33.46,26.73
896,77,Other,High School,21898,394.13,2025-09-09 19:44:09.781633,Food,1.2,20.52,33.76
897,66,Male,High School,24135,387.16,2025-06-16 19:44:09.781636,Clothing,2.7,23.54,20.87
898,42,Other,PhD,26629,4757.6,2026-01-18 19:44:09.781639,Food,2.9,2.46,36.53
899,73,Female,Bachelor,129472,1493.48,2025-12-28 19:44:09.781642,Books,4.7,9.55,26.09
900,50,Male,PhD,145147,469.41,2025-03-10 19:44:09.781645,Home,3.6,39.53,3.71
901,55,Other,High School,105120,2999.23,2025-12-04 19:44:09.781648,Food,2.2,22.7,9.6
902,70,Male,PhD,139798,3122.01,2025-05-16 19:44:09.781650,Food,3.1,15.08,42.0
903,23,Female,Master,109087,3246.04,2026-01-09 19:44:09.781653,Books,1.3,19.2,36.25
904,75,Female,PhD,85031,1344.34,2025-11-09 19:44:09.781656,Food,4.9,42.72,44.74
905,61,Other,High School,53380,85.4,2025-10-30 19:44:09.781659,Electronics,2.4,37.45,5.88
906,62,Female,PhD,149951,4825.43,2025-04-03 19:44:09.781662,Books,2.9,13.62,49.51
907,49,Male,Bachelor,132507,1261.96,2025-06-14 19:44:09.781665,Electronics,2.4,5.88,10.47
908,62,Female,PhD,37071,3383.37,2025-08-11 19:44:09.781667,Books,3.7,12.6,0.59
909,78,Male,Bachelor,40074,3536.08,2025-08-20 19:44:09.781670,Food,3.6,46.04,49.87
910,64,Male,Master,110724,3053.94,2025-03-20 19:44:09.781673,Electronics,3.9,29.08,14.05
911,38,Female,Bachelor,446514,12499.833735710166,2025-07-24 19:44:09.781676,Food,2.1,26.67,33.4
912,33,Other,PhD,59901,1362.77,2026-01-27 19:44:09.781679,Books,2.3,29.82,8.83
913,71,Female,High School,31205,2992.36,2025-09-05 19:44:09.781682,Food,1.5,18.3,29.01
914,38,Male,Bachelor,75661,4331.82,2025-11-11 19:44:09.781684,Electronics,3.6,40.36,45.2
915,28,Male,Master,144661,4734.2,2025-07-25 19:44:09.781687,Electronics,1.2,26.16,16.01
916,77,Female,Bachelor,25906,538.47,2026-02-10 19:44:09.781690,Food,3.4,5.84,33.51
917,54,Other,Bachelor,22591,782.59,2025-08-12 19:44:09.781693,Clothing,4.5,6.45,9.4
918,53,Other,Bachelor,145576,4724.23,2025-08-27 19:44:09.781696,Books,4.6,26.84,31.24
919,52,Male,Master,82987,3685.31,2025-05-21 19:44:09.781699,Books,2.8,46.83,16.82
920,36,Male,PhD,83370,4416.14,2026-02-01 19:44:09.781701,Food,2.8,15.42,10.56
921,37,Other,Bachelor,100685,1021.14,2025-11-20 19:44:09.781704,Clothing,1.3,43.48,15.66
922,74,Female,Bachelor,130454,2942.05,2025-09-30 19:44:09.781707,Electronics,3.7,38.2,8.94
923,35,Male,High School,125487,3508.69,2025-09-26 19:44:09.781710,Home,4.3,12.39,45.1
924,64,Male,Master,74400,3403.76,2025-09-05 19:44:09.781713,Home,2.0,1.82,19.86
925,58,Other,Bachelor,45150,2046.68,2025-03-18 19:44:09.781716,Food,2.7,5.09,12.26
926,66,Female,Master,51852,86.82,2025-12-02 19:44:09.781719,Clothing,4.4,36.42,22.42
927,31,Other,Bachelor,62870,2918.8,2025-06-01 19:44:09.781721,Clothing,4.5,9.98,16.03
928,32,Female,PhD,139796,1272.98,2025-09-08 19:44:09.781724,Books,2.0,18.56,37.22
929,48,Female,PhD,72756,2256.77,2026-02-04 19:44:09.781727,Electronics,3.2,25.08,48.56
930,18,Female,Bachelor,135357,4788.33,2025-06-24 19:44:09.781730,Clothing,1.8,36.27,21.9
931,70,Male,PhD,139052,2001.19,2025-12-08 19:44:09.781733,Home,1.4,5.66,43.05
932,71,Other,Bachelor,76481,4200.61,2025-09-28 19:44:09.781736,Electronics,4.6,20.32,28.29
933,71,Other,PhD,21283,950.82,2025-04-14 19:44:09.781740,Electronics,4.3,24.25,7.86
934,20,Female,High School,53691,3365.58,2025-05-11 19:44:09.781743,Food,4.0,27.04,34.53
935,33,Male,High School,21125,4885.26,2025-05-25 19:44:09.781746,Clothing,1.2,40.92,25.67
936,40,Male,High School,87065,518.45,2025-06-22 19:44:09.781749,Food,4.4,8.58,32.53
937,74,Other,Master,148734,51.52,2025-06-18 19:44:09.781752,Clothing,2.8,40.39,44.48
938,28,Male,Master,46170,2173.58,2025-09-08 19:44:09.781755,Books,2.4,34.64,22.02
939,29,Male,High School,28438,472.2,2025-12-20 19:44:09.781757,Food,3.2,27.79,45.06
940,27,Female,Master,40095,3744.44,2026-02-12 19:44:09.781760,Food,1.4,34.98,37.53
941,49,Male,PhD,36154,4573.6,2025-08-05 19:44:09.781763,Home,4.0,20.6,24.43
942,33,Female,Bachelor,28004,2175.76,2025-12-22 19:44:09.781766,Food,3.3,6.92,30.16
943,25,Other,Bachelor,29752,1300.97,2025-04-19 19:44:09.781769,Clothing,1.7,33.29,16.28
944,55,Male,Bachelor,75426,2177.67,2025-07-16 19:44:09.781772,Home,1.8,26.23,49.18
945,29,Other,High School,128896,3620.0,2026-01-23 19:44:09.781775,Food,1.7,31.97,33.37
946,41,Other,Master,472555,12113.922598390334,2025-04-21 19:44:09.781777,Food,1.2,16.9,2.19
947,45,Male,PhD,122168,2951.38,2026-02-13 19:44:09.781780,Books,3.4,45.34,16.33
948,70,Male,PhD,112051,3070.33,2026-01-29 19:44:09.781783,Food,4.4,29.37,31.17
949,25,Other,High School,147905,3192.06,2025-08-04 19:44:09.781786,Electronics,1.1,4.27,2.82
950,75,Male,PhD,306147,9890.40926271089,2025-12-21 19:44:09.781789,Home,1.2,22.49,1.19
951,45,Female,PhD,145949,3573.12,2025-06-21 19:44:09.781792,Electronics,3.3,37.82,22.5
952,53,Female,PhD,108708,466.04,2025-09-25 19:44:09.781795,Home,4.3,39.71,16.63
953,43,Male,PhD,52994,1004.36,2025-05-21 19:44:09.781797,Books,2.3,24.73,21.91
954,25,Other,Master,35036,4388.58,2025-06-14 19:44:09.781800,Food,2.4,44.74,13.13
955,75,Male,PhD,229714,11150.666880136016,2026-02-04 19:44:09.781803,Food,3.4,13.38,8.24
956,77,Male,Bachelor,117756,78.59,2026-02-05 19:44:09.781806,Food,2.1,20.53,34.46
957,67,Other,High School,69416,1249.4,2026-01-05 19:44:09.781809,Home,1.1,44.93,25.73
958,45,Other,Master,29587,1079.89,2026-01-30 19:44:09.781812,Food,3.9,44.81,10.01
959,45,Female,PhD,130053,1361.32,2025-12-17 19:44:09.781815,Electronics,3.5,34.29,15.98
960,54,Other,Master,115665,1245.32,2025-06-24 19:44:09.781817,Food,3.3,42.95,29.59
961,58,Female,PhD,20645,322.01,2025-03-18 19:44:09.781820,Books,4.0,4.44,3.61
962,53,Other,Bachelor,50930,2300.11,2025-11-10 19:44:09.781823,Electronics,3.7,43.25,7.37
963,44,Male,High School,101835,3666.34,2025-09-08 19:44:09.781826,Food,1.8,16.03,3.66
964,71,Female,PhD,142232,3037.59,2025-10-19 19:44:09.781829,Food,2.4,8.92,40.62
965,34,Female,PhD,50090,3367.63,2026-01-05 19:44:09.781832,Clothing,1.5,11.97,37.62
966,26,Female,PhD,107489,414.93,2025-02-23 19:44:09.781835,Home,1.5,20.9,37.67
967,50,Male,PhD,72142,4757.94,2025-04-07 19:44:09.781838,Electronics,3.7,12.56,35.82
968,70,Male,High School,131979,4194.07,2025-09-26 19:44:09.781840,Clothing,4.4,16.03,33.47
969,37,Male,High School,46475,4027.4,2025-03-28 19:44:09.781843,Books,4.9,6.75,23.85
970,30,Male,Bachelor,38888,4116.69,2025-02-20 19:44:09.781846,Home,3.5,14.81,32.11
971,45,Male,High School,63732,4664.23,2025-12-30 19:44:09.781849,Electronics,1.7,28.61,1.92
972,65,Female,PhD,101623,2725.83,2025-12-15 19:44:09.781852,Food,1.4,22.09,31.07
973,46,Male,Bachelor,66305,1009.41,2025-02-28 19:44:09.781855,Electronics,4.3,17.34,38.89
974,30,Female,Bachelor,281147,13624.792437784994,2025-05-06 19:44:09.781859,Food,3.3,37.32,25.02
975,63,Male,Bachelor,29346,3716.98,2025-09-07 19:44:09.781862,Home,3.5,44.68,17.88
976,52,Other,PhD,20587,3692.21,2025-09-30 19:44:09.781865,Food,4.1,37.84,13.87
977,78,Female,Master,32763,2612.03,2025-04-10 19:44:09.781868,Books,3.8,16.6,32.14
978,23,Other,PhD,420868,11057.440185263238,2025-10-13 19:44:09.781871,Food,4.3,37.22,34.64
979,35,Female,High School,127481,1861.85,2025-06-24 19:44:09.781874,Books,1.2,7.6,43.55
980,68,Other,High School,89615,4604.63,2025-03-31 19:44:09.781876,Home,4.0,6.52,17.12
981,22,Male,PhD,56116,2926.4,2025-04-28 19:44:09.781879,Home,4.4,17.28,38.49
982,64,Male,PhD,140987,2696.28,2025-08-15 19:44:09.781882,Electronics,2.1,40.39,28.07
983,42,Male,Bachelor,105751,1351.58,2025-07-25 19:44:09.781885,Books,3.6,12.32,44.14
984,19,Female,PhD,111353,1848.56,2025-07-13 19:44:09.781888,Books,2.3,3.16,26.39
985,27,Other,Bachelor,110301,4477.78,2025-08-12 19:44:09.781891,Clothing,4.8,6.59,25.88
986,73,Male,High School,115648,3335.65,2025-03-09 19:44:09.781893,Clothing,1.1,42.94,28.89
987,47,Other,Bachelor,474915,9197.717348893813,2025-05-10 19:44:09.781896,Clothing,3.3,31.69,37.47
988,67,Other,PhD,79042,2277.18,2025-03-03 19:44:09.781899,Food,1.7,12.66,48.23
989,76,Male,High School,38099,3154.93,2025-06-26 19:44:09.781902,Clothing,3.8,27.76,3.68
990,62,Male,Master,129089,1249.43,2025-08-08 19:44:09.781905,Books,1.7,26.38,2.67
991,22,Other,Bachelor,65096,3530.25,2025-05-07 19:44:09.781908,Food,1.9,32.77,46.88
992,72,Male,High School,91986,2143.73,2025-06-04 19:44:09.781910,Home,3.0,11.66,26.49
993,73,Male,Bachelor,33230,2218.3,2025-06-17 19:44:09.781913,Electronics,4.7,43.22,30.75
994,50,Male,High School,49009,3250.12,2025-10-05 19:44:09.781916,Clothing,1.8,15.47,24.12
995,71,Female,High School,90969,4682.04,2025-05-14 19:44:09.781919,Home,1.6,34.71,4.68
996,18,Other,Bachelor,53866,329.39,2025-05-23 19:44:09.781922,Books,4.0,0.81,38.4
997,35,Other,Master,125400,4125.47,2025-08-31 19:44:09.781924,Electronics,3.0,18.63,37.36
998,49,Female,High School,104246,1468.99,2025-09-12 19:44:09.781927,Home,4.6,17.59,15.59
999,64,Other,High School,96975,2225.16,2025-08-01 19:44:09.781930,Electronics,1.6,27.17,15.31
1000,66,Male,High School,61855,119.35,2026-01-04 19:44:09.781933,Clothing,3.6,3.64,41.89
